incident_type,incident_date,incident_location,incident_description,offender_info,user_reaction,evidence
중고거래 사기,2024-04-03,North Judithbury,계좌로 송금했지만 판매자가 입금 사실을 부인합니다.,Noah Rhodes / +1-196-001-3389,상대방에게 여러 번 연락을 시도했지만 응답이 없습니다.,송금 내역 스크린샷이 있습니다.
중고거래 사기,2022-12-14,Lake Debra,계좌로 송금했지만 판매자가 입금 사실을 부인합니다.,Connie Lawrence / 2654235116,판매자를 계속 추궁했으나 결과가 없었습니다.,거래 내용이 포함된 문자 메시지 대화 기록이 있습니다.
중고거래 사기,2023-02-07,Melanieview,물품이 설명과 다르거나 상태가 좋지 않습니다.,Monica Herrera / (184)959-3103x4131,신고를 결심했습니다.,증거가 없습니다.
중고거래 사기,2023-09-15,Shawnstad,거래 대금을 지불했지만 물품이 배송되지 않았습니다.,Henry Santiago / 001-192-832-7648x350,포기하고 다른 사람과 거래를 시도했습니다.,증거가 없습니다.
중고거래 사기,2023-05-20,Port Leslieview,가짜 송장번호를 주고 물품을 보내지 않았습니다.,Thomas Bradley / 001-537-672-4238x849,상대방에게 여러 번 연락을 시도했지만 응답이 없습니다.,운송장 번호와 대화 기록이 있습니다.
중고거래 사기,2023-10-22,Coxberg,지불 후 판매자가 더 많은 돈을 요구했습니다.,Ann Williams / 226-916-6978,상대방에게 여러 번 연락을 시도했지만 응답이 없습니다.,송금 내역 스크린샷이 있습니다.
중고거래 사기,2023-06-07,Lake Jenniferside,거래 대금을 지불했지만 물품이 배송되지 않았습니다.,Patricia Peterson / 627-048-2814x8932,신고를 결심했습니다.,거래 내용이 포함된 문자 메시지 대화 기록이 있습니다.
중고거래 사기,2023-09-10,New Stephanie,가짜 송장번호를 주고 물품을 보내지 않았습니다.,Tamara George / 015.430.3911x7182,경찰서에 방문하여 상담을 받았습니다.,송금 내역 스크린샷이 있습니다.
중고거래 사기,2023-03-03,Arroyoburgh,가짜 송장번호를 주고 물품을 보내지 않았습니다.,Shane Henderson / 834.657.8713,신고를 결심했습니다.,증거가 없습니다.
중고거래 사기,2023-05-17,West Andrewside,계좌로 송금했지만 판매자가 입금 사실을 부인합니다.,Daniel Jones / +1-031-051-8347x3829,포기하고 다른 사람과 거래를 시도했습니다.,운송장 번호와 대화 기록이 있습니다.
중고거래 사기,2024-02-14,Sanchezfort,지불 후 판매자가 더 많은 돈을 요구했습니다.,Cheryl Davis / (566)701-0651x33387,신고를 결심했습니다.,상대방의 전화번호와 계좌번호가 있습니다.
중고거래 사기,2023-03-12,Whitemouth,가짜 송장번호를 주고 물품을 보내지 않았습니다.,Thomas Ramos / +1-108-013-2677,판매자를 계속 추궁했으나 결과가 없었습니다.,송금 내역 스크린샷이 있습니다.
중고거래 사기,2023-05-09,Barreraburgh,물품이 설명과 다르거나 상태가 좋지 않습니다.,William Baker / 468.723.4309x805,포기하고 다른 사람과 거래를 시도했습니다.,상대방의 전화번호와 계좌번호가 있습니다.
중고거래 사기,2023-01-07,New Thomashaven,판매자가 갑자기 연락이 두절되었습니다.,Tyler Miller / (191)361-9399,판매자를 계속 추궁했으나 결과가 없었습니다.,거래 내용이 포함된 문자 메시지 대화 기록이 있습니다.
중고거래 사기,2022-12-24,South Dianeshire,물품이 설명과 다르거나 상태가 좋지 않습니다.,Taylor Harris / 001-534-624-7510x799,판매자를 계속 추궁했으나 결과가 없었습니다.,송금 내역 스크린샷이 있습니다.
중고거래 사기,2023-02-09,New Jasonview,거래 대금을 지불했지만 물품이 배송되지 않았습니다.,Gregory Jones / 542.784.9808,구매 후기 사이트에 해당 내용을 올렸습니다.,송금 내역 스크린샷이 있습니다.
중고거래 사기,2023-07-14,East Josephville,판매자가 갑자기 연락이 두절되었습니다.,Brittney Campbell / 534.874.0164,판매자를 계속 추궁했으나 결과가 없었습니다.,운송장 번호와 대화 기록이 있습니다.
중고거래 사기,2022-12-28,West Kellieview,판매자가 갑자기 연락이 두절되었습니다.,Jeremy Thornton / +1-011-280-5982,상대방에게 여러 번 연락을 시도했지만 응답이 없습니다.,증거가 없습니다.
중고거래 사기,2023-10-23,North Kyle,지불 후 판매자가 더 많은 돈을 요구했습니다.,Rebecca Valencia / (331)586-9232x260,경찰서에 방문하여 상담을 받았습니다.,송금 내역 스크린샷이 있습니다.
중고거래 사기,2023-04-12,Kimberlychester,지불 후 판매자가 더 많은 돈을 요구했습니다.,Sharon Cochran / 216-073-3754x330,상대방에게 여러 번 연락을 시도했지만 응답이 없습니다.,운송장 번호와 대화 기록이 있습니다.
중고거래 사기,2024-04-19,South Mark,판매자가 갑자기 연락이 두절되었습니다.,Tracy Ramirez / +1-868-501-4294x0196,포기하고 다른 사람과 거래를 시도했습니다.,운송장 번호와 대화 기록이 있습니다.
중고거래 사기,2023-08-19,Samuelhaven,판매자가 갑자기 연락이 두절되었습니다.,Steven Lee / 6088356159,경찰서에 방문하여 상담을 받았습니다.,거래 내용이 포함된 문자 메시지 대화 기록이 있습니다.
중고거래 사기,2023-07-25,Lake Rachelhaven,계좌로 송금했지만 판매자가 입금 사실을 부인합니다.,Jason Powell / 823-662-9946x8044,상대방에게 여러 번 연락을 시도했지만 응답이 없습니다.,송금 내역 스크린샷이 있습니다.
중고거래 사기,2023-05-06,Floydmouth,계좌로 송금했지만 판매자가 입금 사실을 부인합니다.,Jeremy Lewis / 214.895.1343x3200,신고를 결심했습니다.,물품 거래 내역을 캡처한 화면이 있습니다.
중고거래 사기,2023-06-02,Carrland,거래 대금을 지불했지만 물품이 배송되지 않았습니다.,Stephen Johnston / 001-676-320-1632x870,신고를 결심했습니다.,송금 내역 스크린샷이 있습니다.
중고거래 사기,2024-01-30,Port David,지불 후 판매자가 더 많은 돈을 요구했습니다.,John Schmidt / +1-957-986-8727,판매자를 계속 추궁했으나 결과가 없었습니다.,상대방의 전화번호와 계좌번호가 있습니다.
중고거래 사기,2023-11-08,Karenview,계좌로 송금했지만 판매자가 입금 사실을 부인합니다.,Kelly Sims / 714-345-5812x236,판매자를 계속 추궁했으나 결과가 없었습니다.,거래 내용이 포함된 문자 메시지 대화 기록이 있습니다.
중고거래 사기,2024-05-16,Lake Jason,판매자가 갑자기 연락이 두절되었습니다.,Gary Owens / 3669096705,판매자를 계속 추궁했으나 결과가 없었습니다.,거래 내용이 포함된 문자 메시지 대화 기록이 있습니다.
중고거래 사기,2023-07-13,Castanedachester,계좌로 송금했지만 판매자가 입금 사실을 부인합니다.,Morgan Marsh / 734.670.6562,판매자를 계속 추궁했으나 결과가 없었습니다.,증거가 없습니다.
중고거래 사기,2024-09-06,Calhounside,계좌로 송금했지만 판매자가 입금 사실을 부인합니다.,James Elliott / 1627204653,포기하고 다른 사람과 거래를 시도했습니다.,송금 내역 스크린샷이 있습니다.
중고거래 사기,2023-11-12,Matthewfurt,가짜 송장번호를 주고 물품을 보내지 않았습니다.,Trevor Fisher / 708-053-1003,포기하고 다른 사람과 거래를 시도했습니다.,거래 내용이 포함된 문자 메시지 대화 기록이 있습니다.
중고거래 사기,2023-04-27,New Elijahberg,가짜 송장번호를 주고 물품을 보내지 않았습니다.,Brian Gould / 452.991.2419x049,포기하고 다른 사람과 거래를 시도했습니다.,거래 내용이 포함된 문자 메시지 대화 기록이 있습니다.
중고거래 사기,2024-05-03,Sandersborough,물품이 설명과 다르거나 상태가 좋지 않습니다.,Michael Burton / 491-905-8651,구매 후기 사이트에 해당 내용을 올렸습니다.,상대방의 전화번호와 계좌번호가 있습니다.
중고거래 사기,2023-12-21,Alexanderchester,판매자가 갑자기 연락이 두절되었습니다.,Ashley Yu / +1-726-284-9877x6945,포기하고 다른 사람과 거래를 시도했습니다.,증거가 없습니다.
중고거래 사기,2024-09-15,Port Sarah,가짜 송장번호를 주고 물품을 보내지 않았습니다.,Jerry Christensen / 001-965-075-2735,신고를 결심했습니다.,증거가 없습니다.
중고거래 사기,2024-08-04,Matthewview,판매자가 갑자기 연락이 두절되었습니다.,Kellie Lee / 678.377.7014,상대방에게 여러 번 연락을 시도했지만 응답이 없습니다.,거래 내용이 포함된 문자 메시지 대화 기록이 있습니다.
중고거래 사기,2023-05-15,Holtport,거래 대금을 지불했지만 물품이 배송되지 않았습니다.,Jackie Tran / (685)574-4431x351,판매자를 계속 추궁했으나 결과가 없었습니다.,상대방의 전화번호와 계좌번호가 있습니다.
중고거래 사기,2024-06-23,East Javier,판매자가 갑자기 연락이 두절되었습니다.,Dr. William Warren / 134-352-4082x4008,상대방에게 여러 번 연락을 시도했지만 응답이 없습니다.,거래 내용이 포함된 문자 메시지 대화 기록이 있습니다.
중고거래 사기,2023-07-08,Lake Miranda,가짜 송장번호를 주고 물품을 보내지 않았습니다.,Shane Andrews MD / 520.471.1671x902,포기하고 다른 사람과 거래를 시도했습니다.,물품 거래 내역을 캡처한 화면이 있습니다.
중고거래 사기,2023-03-19,Christopherbury,물품이 설명과 다르거나 상태가 좋지 않습니다.,Phillip Obrien / +1-386-774-9649x909,포기하고 다른 사람과 거래를 시도했습니다.,상대방의 전화번호와 계좌번호가 있습니다.
중고거래 사기,2024-06-20,Port Jaredborough,지불 후 판매자가 더 많은 돈을 요구했습니다.,Brad Allen / +1-120-679-7403,포기하고 다른 사람과 거래를 시도했습니다.,상대방의 전화번호와 계좌번호가 있습니다.
중고거래 사기,2023-07-05,Jacquelinemouth,물품이 설명과 다르거나 상태가 좋지 않습니다.,David Baker / +1-936-183-2421x0249,판매자를 계속 추궁했으나 결과가 없었습니다.,거래 내용이 포함된 문자 메시지 대화 기록이 있습니다.
중고거래 사기,2024-06-27,Scottmouth,물품이 설명과 다르거나 상태가 좋지 않습니다.,Melissa Bender / 877.190.6594x01399,포기하고 다른 사람과 거래를 시도했습니다.,운송장 번호와 대화 기록이 있습니다.
중고거래 사기,2022-12-10,Barbaraburgh,가짜 송장번호를 주고 물품을 보내지 않았습니다.,Matthew Moon / (967)175-6551,판매자를 계속 추궁했으나 결과가 없었습니다.,증거가 없습니다.
중고거래 사기,2024-09-20,West Robert,가짜 송장번호를 주고 물품을 보내지 않았습니다.,Matthew Morales DDS / 7154516808,구매 후기 사이트에 해당 내용을 올렸습니다.,운송장 번호와 대화 기록이 있습니다.
중고거래 사기,2023-11-17,Brownhaven,지불 후 판매자가 더 많은 돈을 요구했습니다.,Peter Garrett / 001-034-824-7710x93248,판매자를 계속 추궁했으나 결과가 없었습니다.,거래 내용이 포함된 문자 메시지 대화 기록이 있습니다.
중고거래 사기,2022-12-04,Davisville,물품이 설명과 다르거나 상태가 좋지 않습니다.,Bruce Collier / 484.677.3782x6398,경찰서에 방문하여 상담을 받았습니다.,상대방의 전화번호와 계좌번호가 있습니다.
중고거래 사기,2024-06-25,Port Chad,거래 대금을 지불했지만 물품이 배송되지 않았습니다.,Sarah Morgan / 404.499.7278x75588,상대방에게 여러 번 연락을 시도했지만 응답이 없습니다.,송금 내역 스크린샷이 있습니다.
중고거래 사기,2023-09-12,Cantuborough,물품이 설명과 다르거나 상태가 좋지 않습니다.,Mrs. Janet Chase / (057)662-7028x95171,포기하고 다른 사람과 거래를 시도했습니다.,거래 내용이 포함된 문자 메시지 대화 기록이 있습니다.
중고거래 사기,2024-01-06,Smithberg,계좌로 송금했지만 판매자가 입금 사실을 부인합니다.,Matthew Moore / 459.615.8657x8091,구매 후기 사이트에 해당 내용을 올렸습니다.,운송장 번호와 대화 기록이 있습니다.
중고거래 사기,2023-05-25,Wendyland,거래 대금을 지불했지만 물품이 배송되지 않았습니다.,Brett Schultz / 724-005-0455,구매 후기 사이트에 해당 내용을 올렸습니다.,상대방의 전화번호와 계좌번호가 있습니다.
중고거래 사기,2023-10-24,East Amanda,가짜 송장번호를 주고 물품을 보내지 않았습니다.,Rebecca Jackson / 969-379-2374,구매 후기 사이트에 해당 내용을 올렸습니다.,운송장 번호와 대화 기록이 있습니다.
중고거래 사기,2023-11-15,Elizabethmouth,판매자가 갑자기 연락이 두절되었습니다.,Megan Moore / 594.647.4367x136,경찰서에 방문하여 상담을 받았습니다.,송금 내역 스크린샷이 있습니다.
중고거래 사기,2024-02-11,Baileyport,계좌로 송금했지만 판매자가 입금 사실을 부인합니다.,Ronald Foster / 9097439533,포기하고 다른 사람과 거래를 시도했습니다.,송금 내역 스크린샷이 있습니다.
중고거래 사기,2024-03-20,Ericaberg,계좌로 송금했지만 판매자가 입금 사실을 부인합니다.,Stephanie Lucas / 709-521-4562x3285,경찰서에 방문하여 상담을 받았습니다.,물품 거래 내역을 캡처한 화면이 있습니다.
중고거래 사기,2024-01-10,Mariaview,계좌로 송금했지만 판매자가 입금 사실을 부인합니다.,Terry Coffey / 517-123-6851x6048,판매자를 계속 추궁했으나 결과가 없었습니다.,송금 내역 스크린샷이 있습니다.
중고거래 사기,2023-02-27,Richardsonview,판매자가 갑자기 연락이 두절되었습니다.,Samantha Bentley / 370-985-9317,구매 후기 사이트에 해당 내용을 올렸습니다.,거래 내용이 포함된 문자 메시지 대화 기록이 있습니다.
중고거래 사기,2024-10-30,Debraville,지불 후 판매자가 더 많은 돈을 요구했습니다.,Tracy Torres / 113.826.7586x9261,상대방에게 여러 번 연락을 시도했지만 응답이 없습니다.,증거가 없습니다.
중고거래 사기,2024-09-01,Gilbertview,계좌로 송금했지만 판매자가 입금 사실을 부인합니다.,Jacob Ramos / 515.850.6431,판매자를 계속 추궁했으나 결과가 없었습니다.,운송장 번호와 대화 기록이 있습니다.
중고거래 사기,2024-09-12,Davisborough,물품이 설명과 다르거나 상태가 좋지 않습니다.,Linda Smith / 329-318-3933x52904,경찰서에 방문하여 상담을 받았습니다.,송금 내역 스크린샷이 있습니다.
중고거래 사기,2024-09-20,East Amber,계좌로 송금했지만 판매자가 입금 사실을 부인합니다.,Ashley Delacruz / (053)950-2402,판매자를 계속 추궁했으나 결과가 없었습니다.,증거가 없습니다.
중고거래 사기,2024-06-22,Foxland,가짜 송장번호를 주고 물품을 보내지 않았습니다.,Richard Palmer / 783-908-4700,경찰서에 방문하여 상담을 받았습니다.,거래 내용이 포함된 문자 메시지 대화 기록이 있습니다.
중고거래 사기,2023-12-01,Simmonsville,물품이 설명과 다르거나 상태가 좋지 않습니다.,Theodore Jones Jr. / +1-212-499-8569x847,판매자를 계속 추궁했으나 결과가 없었습니다.,거래 내용이 포함된 문자 메시지 대화 기록이 있습니다.
중고거래 사기,2023-12-21,Garciaville,가짜 송장번호를 주고 물품을 보내지 않았습니다.,Marilyn Mack / 001-367-365-7661x5654,경찰서에 방문하여 상담을 받았습니다.,송금 내역 스크린샷이 있습니다.
중고거래 사기,2023-09-10,Lake Sandra,가짜 송장번호를 주고 물품을 보내지 않았습니다.,Ronald Davis / 528-098-8516,판매자를 계속 추궁했으나 결과가 없었습니다.,상대방의 전화번호와 계좌번호가 있습니다.
중고거래 사기,2023-08-25,Parrishton,거래 대금을 지불했지만 물품이 배송되지 않았습니다.,Lindsay Bell / 001-832-731-5851,상대방에게 여러 번 연락을 시도했지만 응답이 없습니다.,물품 거래 내역을 캡처한 화면이 있습니다.
중고거래 사기,2024-07-08,Audreychester,판매자가 갑자기 연락이 두절되었습니다.,Vanessa Cardenas / +1-809-402-4455x022,신고를 결심했습니다.,송금 내역 스크린샷이 있습니다.
중고거래 사기,2024-02-06,Jonestown,물품이 설명과 다르거나 상태가 좋지 않습니다.,Joseph Bennett / 525.459.9102x290,경찰서에 방문하여 상담을 받았습니다.,송금 내역 스크린샷이 있습니다.
중고거래 사기,2024-04-30,West Scottchester,거래 대금을 지불했지만 물품이 배송되지 않았습니다.,Mr. Donald Fischer / 561-497-8403,포기하고 다른 사람과 거래를 시도했습니다.,상대방의 전화번호와 계좌번호가 있습니다.
중고거래 사기,2023-09-27,North Jamesborough,거래 대금을 지불했지만 물품이 배송되지 않았습니다.,Pamela Roberts / 076-226-8388,경찰서에 방문하여 상담을 받았습니다.,거래 내용이 포함된 문자 메시지 대화 기록이 있습니다.
중고거래 사기,2024-09-01,Charleston,물품이 설명과 다르거나 상태가 좋지 않습니다.,Joe Miller / 969-664-1605x29751,포기하고 다른 사람과 거래를 시도했습니다.,상대방의 전화번호와 계좌번호가 있습니다.
중고거래 사기,2023-10-29,East Ryanfurt,가짜 송장번호를 주고 물품을 보내지 않았습니다.,Jennifer Collins / 352-181-8835x52312,신고를 결심했습니다.,물품 거래 내역을 캡처한 화면이 있습니다.
중고거래 사기,2023-06-10,East Carrie,가짜 송장번호를 주고 물품을 보내지 않았습니다.,Mary Thompson / 001-779-979-9552x71774,경찰서에 방문하여 상담을 받았습니다.,상대방의 전화번호와 계좌번호가 있습니다.
중고거래 사기,2024-08-03,Brittanystad,물품이 설명과 다르거나 상태가 좋지 않습니다.,Emily Hayes / 5411998679,경찰서에 방문하여 상담을 받았습니다.,증거가 없습니다.
중고거래 사기,2024-01-28,South Reginashire,계좌로 송금했지만 판매자가 입금 사실을 부인합니다.,Erica Alvarez / (071)518-2037,신고를 결심했습니다.,증거가 없습니다.
중고거래 사기,2023-10-31,West Nathan,판매자가 갑자기 연락이 두절되었습니다.,Jason Morgan / +1-051-518-6449x251,구매 후기 사이트에 해당 내용을 올렸습니다.,증거가 없습니다.
중고거래 사기,2024-02-19,West Kyle,계좌로 송금했지만 판매자가 입금 사실을 부인합니다.,Mary Anderson / 001-148-652-8168x505,판매자를 계속 추궁했으나 결과가 없었습니다.,상대방의 전화번호와 계좌번호가 있습니다.
중고거래 사기,2023-07-21,East Matthew,가짜 송장번호를 주고 물품을 보내지 않았습니다.,Cheryl Cooke / (141)888-0592,구매 후기 사이트에 해당 내용을 올렸습니다.,송금 내역 스크린샷이 있습니다.
중고거래 사기,2024-03-01,Mooreburgh,물품이 설명과 다르거나 상태가 좋지 않습니다.,Patricia Lamb / (706)537-9473,신고를 결심했습니다.,송금 내역 스크린샷이 있습니다.
중고거래 사기,2024-01-12,West Tammy,판매자가 갑자기 연락이 두절되었습니다.,Stephanie Lee / +1-977-468-8623x92407,상대방에게 여러 번 연락을 시도했지만 응답이 없습니다.,운송장 번호와 대화 기록이 있습니다.
중고거래 사기,2024-10-02,Angelaville,가짜 송장번호를 주고 물품을 보내지 않았습니다.,Kelli Martinez / 247-826-1375,신고를 결심했습니다.,운송장 번호와 대화 기록이 있습니다.
중고거래 사기,2024-11-15,South Brianhaven,물품이 설명과 다르거나 상태가 좋지 않습니다.,James Miller / 051.522.0472,상대방에게 여러 번 연락을 시도했지만 응답이 없습니다.,송금 내역 스크린샷이 있습니다.
중고거래 사기,2024-07-05,Westtown,계좌로 송금했지만 판매자가 입금 사실을 부인합니다.,Alicia Lewis / (898)614-3410,포기하고 다른 사람과 거래를 시도했습니다.,송금 내역 스크린샷이 있습니다.
중고거래 사기,2023-05-28,Fowlermouth,물품이 설명과 다르거나 상태가 좋지 않습니다.,Russell Porter / +1-089-324-6095,상대방에게 여러 번 연락을 시도했지만 응답이 없습니다.,송금 내역 스크린샷이 있습니다.
중고거래 사기,2023-05-29,Lopezland,판매자가 갑자기 연락이 두절되었습니다.,Heather Ashley / +1-888-067-0654,상대방에게 여러 번 연락을 시도했지만 응답이 없습니다.,운송장 번호와 대화 기록이 있습니다.
중고거래 사기,2024-06-26,West Kristinastad,물품이 설명과 다르거나 상태가 좋지 않습니다.,Matthew Garcia / 001-520-585-2772,판매자를 계속 추궁했으나 결과가 없었습니다.,증거가 없습니다.
중고거래 사기,2024-08-15,North Jennifer,지불 후 판매자가 더 많은 돈을 요구했습니다.,Amanda Harris / 054.868.7403,신고를 결심했습니다.,운송장 번호와 대화 기록이 있습니다.
중고거래 사기,2023-07-04,Michelleton,물품이 설명과 다르거나 상태가 좋지 않습니다.,Evelyn Martinez / (667)652-7758x416,포기하고 다른 사람과 거래를 시도했습니다.,운송장 번호와 대화 기록이 있습니다.
중고거래 사기,2023-01-24,Morrisonburgh,가짜 송장번호를 주고 물품을 보내지 않았습니다.,Erica Miller / +1-447-962-7570x59640,구매 후기 사이트에 해당 내용을 올렸습니다.,거래 내용이 포함된 문자 메시지 대화 기록이 있습니다.
중고거래 사기,2023-01-21,Coxburgh,지불 후 판매자가 더 많은 돈을 요구했습니다.,Brenda Lawson / 021.355.6909x275,구매 후기 사이트에 해당 내용을 올렸습니다.,거래 내용이 포함된 문자 메시지 대화 기록이 있습니다.
중고거래 사기,2023-09-08,Hinesshire,거래 대금을 지불했지만 물품이 배송되지 않았습니다.,Jacob Edwards / 310-278-6814x473,상대방에게 여러 번 연락을 시도했지만 응답이 없습니다.,증거가 없습니다.
중고거래 사기,2024-03-13,Heatherfort,지불 후 판매자가 더 많은 돈을 요구했습니다.,Chad Jones / (715)518-8442,판매자를 계속 추궁했으나 결과가 없었습니다.,상대방의 전화번호와 계좌번호가 있습니다.
중고거래 사기,2024-05-29,Port Michael,지불 후 판매자가 더 많은 돈을 요구했습니다.,William Conner / 705.895.7829,구매 후기 사이트에 해당 내용을 올렸습니다.,증거가 없습니다.
중고거래 사기,2024-10-10,North Kylefort,거래 대금을 지불했지만 물품이 배송되지 않았습니다.,Patricia Morrow / 251-778-5289,포기하고 다른 사람과 거래를 시도했습니다.,증거가 없습니다.
중고거래 사기,2023-04-14,South Wesley,계좌로 송금했지만 판매자가 입금 사실을 부인합니다.,Sandra Holmes / 225-358-4143x8424,상대방에게 여러 번 연락을 시도했지만 응답이 없습니다.,송금 내역 스크린샷이 있습니다.
중고거래 사기,2024-03-15,New Danielleshire,지불 후 판매자가 더 많은 돈을 요구했습니다.,Brittany Hopkins / 001-959-001-0943x9690,포기하고 다른 사람과 거래를 시도했습니다.,물품 거래 내역을 캡처한 화면이 있습니다.
중고거래 사기,2023-12-15,Dawnport,거래 대금을 지불했지만 물품이 배송되지 않았습니다.,Dr. Michael Evans / 027-677-3592,신고를 결심했습니다.,거래 내용이 포함된 문자 메시지 대화 기록이 있습니다.
중고거래 사기,2023-07-24,Jessicastad,물품이 설명과 다르거나 상태가 좋지 않습니다.,Bianca Wood / +1-153-714-7321,경찰서에 방문하여 상담을 받았습니다.,상대방의 전화번호와 계좌번호가 있습니다.
중고거래 사기,2023-01-02,Soniachester,물품이 설명과 다르거나 상태가 좋지 않습니다.,Sean Moore / 953-278-7747x01687,구매 후기 사이트에 해당 내용을 올렸습니다.,거래 내용이 포함된 문자 메시지 대화 기록이 있습니다.
중고거래 사기,2023-05-29,New Michael,판매자가 갑자기 연락이 두절되었습니다.,Johnny Khan / +1-748-016-2456x5060,구매 후기 사이트에 해당 내용을 올렸습니다.,거래 내용이 포함된 문자 메시지 대화 기록이 있습니다.
중고거래 사기,2024-02-09,West Angela,거래 대금을 지불했지만 물품이 배송되지 않았습니다.,Jonathan Duran / 991-216-5585x239,구매 후기 사이트에 해당 내용을 올렸습니다.,운송장 번호와 대화 기록이 있습니다.
중고거래 사기,2023-12-24,Porterton,거래 대금을 지불했지만 물품이 배송되지 않았습니다.,Micheal Brock / 729.825.9526x94958,상대방에게 여러 번 연락을 시도했지만 응답이 없습니다.,증거가 없습니다.
중고거래 사기,2024-08-28,Ericksonport,가짜 송장번호를 주고 물품을 보내지 않았습니다.,Alan Rivera / 694-097-4993,상대방에게 여러 번 연락을 시도했지만 응답이 없습니다.,송금 내역 스크린샷이 있습니다.
중고거래 사기,2024-06-06,New Timothyhaven,물품이 설명과 다르거나 상태가 좋지 않습니다.,Lisa Randall / (309)130-7562,신고를 결심했습니다.,상대방의 전화번호와 계좌번호가 있습니다.
중고거래 사기,2023-10-10,South Warren,지불 후 판매자가 더 많은 돈을 요구했습니다.,Kaitlyn Charles / 001-028-385-7865x2785,구매 후기 사이트에 해당 내용을 올렸습니다.,거래 내용이 포함된 문자 메시지 대화 기록이 있습니다.
중고거래 사기,2024-01-22,Ericaview,지불 후 판매자가 더 많은 돈을 요구했습니다.,Cheryl Wright / +1-434-437-5758,상대방에게 여러 번 연락을 시도했지만 응답이 없습니다.,거래 내용이 포함된 문자 메시지 대화 기록이 있습니다.
중고거래 사기,2024-11-18,Keithshire,지불 후 판매자가 더 많은 돈을 요구했습니다.,Jamie Baird / (240)415-7473x384,상대방에게 여러 번 연락을 시도했지만 응답이 없습니다.,상대방의 전화번호와 계좌번호가 있습니다.
중고거래 사기,2024-11-17,Derrickshire,판매자가 갑자기 연락이 두절되었습니다.,Anthony Stein / 301.657.1208,구매 후기 사이트에 해당 내용을 올렸습니다.,물품 거래 내역을 캡처한 화면이 있습니다.
중고거래 사기,2024-11-14,South Denise,지불 후 판매자가 더 많은 돈을 요구했습니다.,Karen Santos / 001-454-019-3802x62067,포기하고 다른 사람과 거래를 시도했습니다.,증거가 없습니다.
중고거래 사기,2023-04-17,Nancytown,가짜 송장번호를 주고 물품을 보내지 않았습니다.,Lance Hebert / 478-872-8743x15274,포기하고 다른 사람과 거래를 시도했습니다.,증거가 없습니다.
중고거래 사기,2024-06-04,North Jill,지불 후 판매자가 더 많은 돈을 요구했습니다.,Laura Todd / (966)851-6122,신고를 결심했습니다.,거래 내용이 포함된 문자 메시지 대화 기록이 있습니다.
중고거래 사기,2023-11-29,Sharitown,판매자가 갑자기 연락이 두절되었습니다.,David Molina / 499-045-3017x42684,신고를 결심했습니다.,송금 내역 스크린샷이 있습니다.
중고거래 사기,2024-05-13,Lake Sabrinaport,가짜 송장번호를 주고 물품을 보내지 않았습니다.,Daniel Bernard / 279.568.7833x9187,포기하고 다른 사람과 거래를 시도했습니다.,운송장 번호와 대화 기록이 있습니다.
중고거래 사기,2024-01-08,Christianshire,거래 대금을 지불했지만 물품이 배송되지 않았습니다.,Ronald Leach / 982.258.7139,포기하고 다른 사람과 거래를 시도했습니다.,물품 거래 내역을 캡처한 화면이 있습니다.
중고거래 사기,2023-12-08,New Seanton,거래 대금을 지불했지만 물품이 배송되지 않았습니다.,Jose Bryant / 8740640391,상대방에게 여러 번 연락을 시도했지만 응답이 없습니다.,운송장 번호와 대화 기록이 있습니다.
중고거래 사기,2022-12-29,Cooperland,지불 후 판매자가 더 많은 돈을 요구했습니다.,Amy Shannon / 046.226.5676x6182,경찰서에 방문하여 상담을 받았습니다.,운송장 번호와 대화 기록이 있습니다.
중고거래 사기,2024-04-14,Davidside,물품이 설명과 다르거나 상태가 좋지 않습니다.,Cameron Irwin / 0478686337,상대방에게 여러 번 연락을 시도했지만 응답이 없습니다.,운송장 번호와 대화 기록이 있습니다.
중고거래 사기,2023-08-19,West Jacob,거래 대금을 지불했지만 물품이 배송되지 않았습니다.,Pamela Johnson / +1-690-331-1907x90306,신고를 결심했습니다.,송금 내역 스크린샷이 있습니다.
중고거래 사기,2023-10-30,New Jeff,가짜 송장번호를 주고 물품을 보내지 않았습니다.,Amy Gordon / 395-995-3428x3644,상대방에게 여러 번 연락을 시도했지만 응답이 없습니다.,증거가 없습니다.
중고거래 사기,2023-01-10,Lake Erika,물품이 설명과 다르거나 상태가 좋지 않습니다.,Amber Cooper / +1-685-662-4628x7334,구매 후기 사이트에 해당 내용을 올렸습니다.,송금 내역 스크린샷이 있습니다.
중고거래 사기,2024-09-20,Port Steven,가짜 송장번호를 주고 물품을 보내지 않았습니다.,Jason Butler / 263.435.1751x83046,신고를 결심했습니다.,운송장 번호와 대화 기록이 있습니다.
중고거래 사기,2024-04-30,Port Charlesshire,가짜 송장번호를 주고 물품을 보내지 않았습니다.,Kristin Mendoza / 403-317-3936x38546,상대방에게 여러 번 연락을 시도했지만 응답이 없습니다.,운송장 번호와 대화 기록이 있습니다.
중고거래 사기,2023-11-21,Kylestad,거래 대금을 지불했지만 물품이 배송되지 않았습니다.,Kathleen Garcia / 001-753-556-0932x0489,구매 후기 사이트에 해당 내용을 올렸습니다.,증거가 없습니다.
중고거래 사기,2024-02-16,Phillipsborough,가짜 송장번호를 주고 물품을 보내지 않았습니다.,James Whitaker / 854.777.2522x8728,경찰서에 방문하여 상담을 받았습니다.,운송장 번호와 대화 기록이 있습니다.
중고거래 사기,2024-04-05,New Arthurland,판매자가 갑자기 연락이 두절되었습니다.,Mary Duran / (231)203-8750x99770,판매자를 계속 추궁했으나 결과가 없었습니다.,거래 내용이 포함된 문자 메시지 대화 기록이 있습니다.
중고거래 사기,2022-11-29,Smithhaven,계좌로 송금했지만 판매자가 입금 사실을 부인합니다.,Kimberly Mitchell / 621.182.3398x45461,포기하고 다른 사람과 거래를 시도했습니다.,물품 거래 내역을 캡처한 화면이 있습니다.
중고거래 사기,2023-09-09,Stevensbury,물품이 설명과 다르거나 상태가 좋지 않습니다.,Courtney Sutton DVM / +1-016-668-7002x1765,판매자를 계속 추궁했으나 결과가 없었습니다.,상대방의 전화번호와 계좌번호가 있습니다.
중고거래 사기,2024-02-06,New Samanthabury,물품이 설명과 다르거나 상태가 좋지 않습니다.,Sean Clay / 401.489.0250x3926,포기하고 다른 사람과 거래를 시도했습니다.,증거가 없습니다.
중고거래 사기,2024-11-14,West Franciscobury,판매자가 갑자기 연락이 두절되었습니다.,Sarah Rhodes / +1-562-185-0163,구매 후기 사이트에 해당 내용을 올렸습니다.,물품 거래 내역을 캡처한 화면이 있습니다.
중고거래 사기,2024-09-05,West Cassiefurt,거래 대금을 지불했지만 물품이 배송되지 않았습니다.,Erin Walters / 735.866.2961x943,상대방에게 여러 번 연락을 시도했지만 응답이 없습니다.,상대방의 전화번호와 계좌번호가 있습니다.
중고거래 사기,2024-05-30,North Josephfurt,가짜 송장번호를 주고 물품을 보내지 않았습니다.,Madison Singh / 511-047-5412x12678,경찰서에 방문하여 상담을 받았습니다.,송금 내역 스크린샷이 있습니다.
중고거래 사기,2024-01-28,Garcialand,거래 대금을 지불했지만 물품이 배송되지 않았습니다.,Brandon George / 604-661-8398x26224,경찰서에 방문하여 상담을 받았습니다.,거래 내용이 포함된 문자 메시지 대화 기록이 있습니다.
중고거래 사기,2023-07-15,Trevorland,가짜 송장번호를 주고 물품을 보내지 않았습니다.,Donald Evans / 543-799-3712,판매자를 계속 추궁했으나 결과가 없었습니다.,거래 내용이 포함된 문자 메시지 대화 기록이 있습니다.
중고거래 사기,2023-07-18,South Martinfurt,판매자가 갑자기 연락이 두절되었습니다.,Erin Cook / +1-924-593-7526x5479,상대방에게 여러 번 연락을 시도했지만 응답이 없습니다.,거래 내용이 포함된 문자 메시지 대화 기록이 있습니다.
중고거래 사기,2024-07-23,West Nicholas,판매자가 갑자기 연락이 두절되었습니다.,Jenna Wilson / 001-398-280-7374,판매자를 계속 추궁했으나 결과가 없었습니다.,거래 내용이 포함된 문자 메시지 대화 기록이 있습니다.
중고거래 사기,2024-08-30,Port Melaniechester,지불 후 판매자가 더 많은 돈을 요구했습니다.,Brenda Turner / 266-179-7968x868,경찰서에 방문하여 상담을 받았습니다.,증거가 없습니다.
중고거래 사기,2022-12-22,Jacquelineside,판매자가 갑자기 연락이 두절되었습니다.,Suzanne Rodriguez / 529.096.5610,경찰서에 방문하여 상담을 받았습니다.,증거가 없습니다.
중고거래 사기,2023-02-08,Jeffreyhaven,가짜 송장번호를 주고 물품을 보내지 않았습니다.,Melissa Walker / (679)825-0714x611,상대방에게 여러 번 연락을 시도했지만 응답이 없습니다.,증거가 없습니다.
중고거래 사기,2024-08-30,West Larry,가짜 송장번호를 주고 물품을 보내지 않았습니다.,Daniel Webb / 177.514.0105x1238,판매자를 계속 추궁했으나 결과가 없었습니다.,증거가 없습니다.
중고거래 사기,2023-04-08,West Anita,거래 대금을 지불했지만 물품이 배송되지 않았습니다.,Crystal Sullivan / (266)093-7966,신고를 결심했습니다.,물품 거래 내역을 캡처한 화면이 있습니다.
중고거래 사기,2022-11-27,East Joshua,거래 대금을 지불했지만 물품이 배송되지 않았습니다.,Rebecca Ray / +1-255-371-4785,상대방에게 여러 번 연락을 시도했지만 응답이 없습니다.,증거가 없습니다.
중고거래 사기,2024-03-01,Carrshire,가짜 송장번호를 주고 물품을 보내지 않았습니다.,Harold Ellis / (499)125-1341,신고를 결심했습니다.,물품 거래 내역을 캡처한 화면이 있습니다.
중고거래 사기,2023-04-15,Heatherhaven,판매자가 갑자기 연락이 두절되었습니다.,Kyle Andrews / (278)282-7422x57905,경찰서에 방문하여 상담을 받았습니다.,거래 내용이 포함된 문자 메시지 대화 기록이 있습니다.
중고거래 사기,2022-12-01,Taylorfurt,계좌로 송금했지만 판매자가 입금 사실을 부인합니다.,Kathy Simpson / +1-767-721-9034x04384,판매자를 계속 추궁했으나 결과가 없었습니다.,거래 내용이 포함된 문자 메시지 대화 기록이 있습니다.
중고거래 사기,2023-04-03,Cunninghamfort,계좌로 송금했지만 판매자가 입금 사실을 부인합니다.,Ashley Wilson / 001-858-078-3613x40745,포기하고 다른 사람과 거래를 시도했습니다.,물품 거래 내역을 캡처한 화면이 있습니다.
중고거래 사기,2024-09-23,South Michelleville,가짜 송장번호를 주고 물품을 보내지 않았습니다.,Cynthia Cochran / 001-596-292-3309,구매 후기 사이트에 해당 내용을 올렸습니다.,물품 거래 내역을 캡처한 화면이 있습니다.
중고거래 사기,2023-08-23,Candiceburgh,거래 대금을 지불했지만 물품이 배송되지 않았습니다.,Michael Roberts / 812-604-2232x536,상대방에게 여러 번 연락을 시도했지만 응답이 없습니다.,증거가 없습니다.
중고거래 사기,2023-12-09,New Cynthia,지불 후 판매자가 더 많은 돈을 요구했습니다.,Jaime Jones / 001-168-457-7590x17518,판매자를 계속 추궁했으나 결과가 없었습니다.,송금 내역 스크린샷이 있습니다.
중고거래 사기,2023-09-28,South Mallory,거래 대금을 지불했지만 물품이 배송되지 않았습니다.,Frank Campbell MD / (975)001-7012,판매자를 계속 추궁했으나 결과가 없었습니다.,거래 내용이 포함된 문자 메시지 대화 기록이 있습니다.
중고거래 사기,2023-11-01,Smithchester,계좌로 송금했지만 판매자가 입금 사실을 부인합니다.,Michael Anderson / +1-424-154-1520x6436,판매자를 계속 추궁했으나 결과가 없었습니다.,거래 내용이 포함된 문자 메시지 대화 기록이 있습니다.
중고거래 사기,2024-04-16,Lake Codyborough,계좌로 송금했지만 판매자가 입금 사실을 부인합니다.,Casey Perez / +1-700-516-2713x61115,구매 후기 사이트에 해당 내용을 올렸습니다.,운송장 번호와 대화 기록이 있습니다.
중고거래 사기,2023-09-05,Derrickberg,계좌로 송금했지만 판매자가 입금 사실을 부인합니다.,Megan Jones / 001-092-753-2697,구매 후기 사이트에 해당 내용을 올렸습니다.,운송장 번호와 대화 기록이 있습니다.
중고거래 사기,2024-09-21,North Peggy,거래 대금을 지불했지만 물품이 배송되지 않았습니다.,Bryce Blair / (652)341-3899x940,상대방에게 여러 번 연락을 시도했지만 응답이 없습니다.,송금 내역 스크린샷이 있습니다.
중고거래 사기,2024-09-12,Jamiehaven,계좌로 송금했지만 판매자가 입금 사실을 부인합니다.,James Lucas / 761.379.1805,신고를 결심했습니다.,운송장 번호와 대화 기록이 있습니다.
중고거래 사기,2024-11-18,Davidshire,거래 대금을 지불했지만 물품이 배송되지 않았습니다.,Joshua Thompson / 109.104.3006x8486,판매자를 계속 추궁했으나 결과가 없었습니다.,운송장 번호와 대화 기록이 있습니다.
중고거래 사기,2023-10-19,Millerside,가짜 송장번호를 주고 물품을 보내지 않았습니다.,Brittany Miller / 832-856-9146,신고를 결심했습니다.,상대방의 전화번호와 계좌번호가 있습니다.
중고거래 사기,2024-06-12,North John,물품이 설명과 다르거나 상태가 좋지 않습니다.,Audrey Salazar / 4210202758,상대방에게 여러 번 연락을 시도했지만 응답이 없습니다.,물품 거래 내역을 캡처한 화면이 있습니다.
중고거래 사기,2023-12-30,Garyberg,판매자가 갑자기 연락이 두절되었습니다.,Shelley Quinn / 056-481-4917,상대방에게 여러 번 연락을 시도했지만 응답이 없습니다.,물품 거래 내역을 캡처한 화면이 있습니다.
중고거래 사기,2023-11-12,Brianshire,물품이 설명과 다르거나 상태가 좋지 않습니다.,Christopher Ayala / 001-138-000-3075,포기하고 다른 사람과 거래를 시도했습니다.,거래 내용이 포함된 문자 메시지 대화 기록이 있습니다.
중고거래 사기,2023-09-17,East Sarah,계좌로 송금했지만 판매자가 입금 사실을 부인합니다.,Kristen Sloan / 001-635-365-4195x1802,상대방에게 여러 번 연락을 시도했지만 응답이 없습니다.,물품 거래 내역을 캡처한 화면이 있습니다.
중고거래 사기,2023-05-16,South Caseymouth,가짜 송장번호를 주고 물품을 보내지 않았습니다.,Patricia Collins / 870-534-9493,구매 후기 사이트에 해당 내용을 올렸습니다.,운송장 번호와 대화 기록이 있습니다.
중고거래 사기,2023-11-19,Brittanyfort,계좌로 송금했지만 판매자가 입금 사실을 부인합니다.,Dr. Morgan Payne PhD / (060)385-0506,신고를 결심했습니다.,거래 내용이 포함된 문자 메시지 대화 기록이 있습니다.
중고거래 사기,2024-09-13,Daltonhaven,물품이 설명과 다르거나 상태가 좋지 않습니다.,Mrs. Tonya Kaufman / (410)386-5719,신고를 결심했습니다.,상대방의 전화번호와 계좌번호가 있습니다.
중고거래 사기,2023-02-06,Lake Lori,거래 대금을 지불했지만 물품이 배송되지 않았습니다.,Keith Graham / (344)565-5743,신고를 결심했습니다.,증거가 없습니다.
중고거래 사기,2023-01-21,East Kimberly,판매자가 갑자기 연락이 두절되었습니다.,Brittney Martin / 561.853.7474x112,구매 후기 사이트에 해당 내용을 올렸습니다.,증거가 없습니다.
중고거래 사기,2024-08-12,Margaretton,계좌로 송금했지만 판매자가 입금 사실을 부인합니다.,Scott Hernandez / 001-356-804-4206x788,신고를 결심했습니다.,물품 거래 내역을 캡처한 화면이 있습니다.
중고거래 사기,2023-06-06,South Curtisberg,물품이 설명과 다르거나 상태가 좋지 않습니다.,Antonio Norman / 236.519.9410,포기하고 다른 사람과 거래를 시도했습니다.,송금 내역 스크린샷이 있습니다.
중고거래 사기,2023-01-13,Lake Scott,지불 후 판매자가 더 많은 돈을 요구했습니다.,Taylor Calderon / 107-029-6670x66253,상대방에게 여러 번 연락을 시도했지만 응답이 없습니다.,상대방의 전화번호와 계좌번호가 있습니다.
중고거래 사기,2024-10-29,West Joshua,물품이 설명과 다르거나 상태가 좋지 않습니다.,Amanda Harvey / 476.870.1462,신고를 결심했습니다.,상대방의 전화번호와 계좌번호가 있습니다.
중고거래 사기,2023-10-15,Lake Nicole,판매자가 갑자기 연락이 두절되었습니다.,Lydia Pham / 6578759856,판매자를 계속 추궁했으나 결과가 없었습니다.,거래 내용이 포함된 문자 메시지 대화 기록이 있습니다.
중고거래 사기,2023-06-22,North Luis,물품이 설명과 다르거나 상태가 좋지 않습니다.,Steven Osborne / 7859321334,상대방에게 여러 번 연락을 시도했지만 응답이 없습니다.,증거가 없습니다.
중고거래 사기,2024-01-12,Port Wendybury,물품이 설명과 다르거나 상태가 좋지 않습니다.,Vickie Price / (239)559-0599,구매 후기 사이트에 해당 내용을 올렸습니다.,물품 거래 내역을 캡처한 화면이 있습니다.
중고거래 사기,2023-03-14,Port Vanessa,판매자가 갑자기 연락이 두절되었습니다.,Katherine Parker / 010.393.0870x5932,상대방에게 여러 번 연락을 시도했지만 응답이 없습니다.,물품 거래 내역을 캡처한 화면이 있습니다.
중고거래 사기,2023-08-15,Port Megan,판매자가 갑자기 연락이 두절되었습니다.,Alex Willis / (185)156-9154,포기하고 다른 사람과 거래를 시도했습니다.,운송장 번호와 대화 기록이 있습니다.
중고거래 사기,2023-08-01,East Jessica,지불 후 판매자가 더 많은 돈을 요구했습니다.,Mark Freeman / 289-539-2644x22096,포기하고 다른 사람과 거래를 시도했습니다.,운송장 번호와 대화 기록이 있습니다.
중고거래 사기,2024-09-14,East Carriebury,판매자가 갑자기 연락이 두절되었습니다.,Ashley Crawford / 135-521-5704x33154,상대방에게 여러 번 연락을 시도했지만 응답이 없습니다.,송금 내역 스크린샷이 있습니다.
중고거래 사기,2024-07-27,Lake Aaronfurt,판매자가 갑자기 연락이 두절되었습니다.,Jason Jackson / (765)861-7932x71040,신고를 결심했습니다.,운송장 번호와 대화 기록이 있습니다.
중고거래 사기,2023-07-29,Stephanieland,판매자가 갑자기 연락이 두절되었습니다.,Stephen Martin / 815-997-0629,상대방에게 여러 번 연락을 시도했지만 응답이 없습니다.,송금 내역 스크린샷이 있습니다.
중고거래 사기,2024-10-15,Mooreville,가짜 송장번호를 주고 물품을 보내지 않았습니다.,William Ortiz / +1-844-431-0698,구매 후기 사이트에 해당 내용을 올렸습니다.,물품 거래 내역을 캡처한 화면이 있습니다.
중고거래 사기,2024-09-06,Hernandezstad,계좌로 송금했지만 판매자가 입금 사실을 부인합니다.,Brandon Colon / +1-973-103-2417x1467,판매자를 계속 추궁했으나 결과가 없었습니다.,상대방의 전화번호와 계좌번호가 있습니다.
중고거래 사기,2023-12-08,Christopherside,가짜 송장번호를 주고 물품을 보내지 않았습니다.,Jacob James / (704)774-3490,경찰서에 방문하여 상담을 받았습니다.,송금 내역 스크린샷이 있습니다.
중고거래 사기,2023-03-21,North Elizabethside,지불 후 판매자가 더 많은 돈을 요구했습니다.,Peter Perez / 6868793741,경찰서에 방문하여 상담을 받았습니다.,거래 내용이 포함된 문자 메시지 대화 기록이 있습니다.
중고거래 사기,2023-09-26,New Ashleyhaven,판매자가 갑자기 연락이 두절되었습니다.,Megan Oliver / 722-332-0616,상대방에게 여러 번 연락을 시도했지만 응답이 없습니다.,증거가 없습니다.
중고거래 사기,2023-04-29,Port Brooke,지불 후 판매자가 더 많은 돈을 요구했습니다.,Nicholas Aguirre / 686-854-8709,상대방에게 여러 번 연락을 시도했지만 응답이 없습니다.,운송장 번호와 대화 기록이 있습니다.
중고거래 사기,2024-02-23,Rodriguezberg,가짜 송장번호를 주고 물품을 보내지 않았습니다.,Kevin Chang / 191-485-6467,포기하고 다른 사람과 거래를 시도했습니다.,증거가 없습니다.
중고거래 사기,2024-02-11,Johnsonview,계좌로 송금했지만 판매자가 입금 사실을 부인합니다.,Luke Becker / (065)307-4505x4447,포기하고 다른 사람과 거래를 시도했습니다.,증거가 없습니다.
중고거래 사기,2024-09-20,Port Jeremyport,물품이 설명과 다르거나 상태가 좋지 않습니다.,Jessica Petersen / 691-373-6785x082,판매자를 계속 추궁했으나 결과가 없었습니다.,상대방의 전화번호와 계좌번호가 있습니다.
중고거래 사기,2023-01-13,Jennafurt,거래 대금을 지불했지만 물품이 배송되지 않았습니다.,Samuel Suarez / 2330307053,포기하고 다른 사람과 거래를 시도했습니다.,물품 거래 내역을 캡처한 화면이 있습니다.
중고거래 사기,2023-06-24,Madisonhaven,가짜 송장번호를 주고 물품을 보내지 않았습니다.,Thomas Maldonado / 579.727.9855,판매자를 계속 추궁했으나 결과가 없었습니다.,증거가 없습니다.
중고거래 사기,2023-03-31,Kaitlynland,거래 대금을 지불했지만 물품이 배송되지 않았습니다.,James Martin / 001-333-346-8007,포기하고 다른 사람과 거래를 시도했습니다.,물품 거래 내역을 캡처한 화면이 있습니다.
중고거래 사기,2024-10-31,Lake Glen,가짜 송장번호를 주고 물품을 보내지 않았습니다.,Courtney Franklin / 466-574-3748x9691,판매자를 계속 추궁했으나 결과가 없었습니다.,증거가 없습니다.
중고거래 사기,2022-11-29,Annaport,지불 후 판매자가 더 많은 돈을 요구했습니다.,Brian Brown / 544-432-8309x652,판매자를 계속 추궁했으나 결과가 없었습니다.,상대방의 전화번호와 계좌번호가 있습니다.
중고거래 사기,2024-06-06,Lake Tylerport,계좌로 송금했지만 판매자가 입금 사실을 부인합니다.,Jason Price / 9935387584,판매자를 계속 추궁했으나 결과가 없었습니다.,운송장 번호와 대화 기록이 있습니다.
중고거래 사기,2024-09-10,Port Diane,물품이 설명과 다르거나 상태가 좋지 않습니다.,Elizabeth Ruiz / 001-482-513-5346x5549,신고를 결심했습니다.,상대방의 전화번호와 계좌번호가 있습니다.
중고거래 사기,2023-07-10,Yorkfort,계좌로 송금했지만 판매자가 입금 사실을 부인합니다.,Mark Carpenter / +1-173-816-8460x223,구매 후기 사이트에 해당 내용을 올렸습니다.,증거가 없습니다.
중고거래 사기,2023-08-17,Benitezmouth,계좌로 송금했지만 판매자가 입금 사실을 부인합니다.,Scott White / 752-500-7432,신고를 결심했습니다.,운송장 번호와 대화 기록이 있습니다.
중고거래 사기,2024-02-14,South Kristen,가짜 송장번호를 주고 물품을 보내지 않았습니다.,Beverly Hamilton / (667)600-8350x58300,판매자를 계속 추궁했으나 결과가 없었습니다.,상대방의 전화번호와 계좌번호가 있습니다.
중고거래 사기,2024-03-24,East Heather,가짜 송장번호를 주고 물품을 보내지 않았습니다.,Carl Reyes / 001-421-044-7898,상대방에게 여러 번 연락을 시도했지만 응답이 없습니다.,물품 거래 내역을 캡처한 화면이 있습니다.
중고거래 사기,2023-08-13,Barronberg,판매자가 갑자기 연락이 두절되었습니다.,Steven Howard / 260.332.3098,신고를 결심했습니다.,상대방의 전화번호와 계좌번호가 있습니다.
중고거래 사기,2023-04-04,West Jenniferton,가짜 송장번호를 주고 물품을 보내지 않았습니다.,Martin Wise / +1-090-100-1676x184,경찰서에 방문하여 상담을 받았습니다.,증거가 없습니다.
중고거래 사기,2023-11-27,East Heather,판매자가 갑자기 연락이 두절되었습니다.,Elizabeth Stanley / +1-849-926-1891x41173,구매 후기 사이트에 해당 내용을 올렸습니다.,상대방의 전화번호와 계좌번호가 있습니다.
중고거래 사기,2024-03-11,Port Jose,지불 후 판매자가 더 많은 돈을 요구했습니다.,Christina Warner / 208-737-5300x1197,포기하고 다른 사람과 거래를 시도했습니다.,거래 내용이 포함된 문자 메시지 대화 기록이 있습니다.
중고거래 사기,2023-03-19,Port Williamville,가짜 송장번호를 주고 물품을 보내지 않았습니다.,Maria Bryant / 470-120-4556x1100,구매 후기 사이트에 해당 내용을 올렸습니다.,증거가 없습니다.
중고거래 사기,2024-09-15,Lake Deborah,물품이 설명과 다르거나 상태가 좋지 않습니다.,Steven Friedman / 155-216-6746x762,포기하고 다른 사람과 거래를 시도했습니다.,송금 내역 스크린샷이 있습니다.
중고거래 사기,2023-02-19,Lake Jessica,판매자가 갑자기 연락이 두절되었습니다.,Dr. Ashley Pruitt / 972.965.9027x7167,경찰서에 방문하여 상담을 받았습니다.,증거가 없습니다.
중고거래 사기,2022-12-29,West Dianatown,계좌로 송금했지만 판매자가 입금 사실을 부인합니다.,Megan Saunders / 001-935-889-1637,경찰서에 방문하여 상담을 받았습니다.,물품 거래 내역을 캡처한 화면이 있습니다.
중고거래 사기,2023-08-19,Hernandezside,거래 대금을 지불했지만 물품이 배송되지 않았습니다.,Lisa Smith / (877)217-5354,신고를 결심했습니다.,증거가 없습니다.
중고거래 사기,2023-01-02,New Dawn,판매자가 갑자기 연락이 두절되었습니다.,David Stevens / 001-717-751-7016,신고를 결심했습니다.,거래 내용이 포함된 문자 메시지 대화 기록이 있습니다.
중고거래 사기,2023-10-10,New Andrealand,물품이 설명과 다르거나 상태가 좋지 않습니다.,Tracey Walsh / 837.550.3758x99757,상대방에게 여러 번 연락을 시도했지만 응답이 없습니다.,송금 내역 스크린샷이 있습니다.
중고거래 사기,2023-02-20,Port Donnatown,물품이 설명과 다르거나 상태가 좋지 않습니다.,Ronald Brandt / 885-102-7261x4933,구매 후기 사이트에 해당 내용을 올렸습니다.,운송장 번호와 대화 기록이 있습니다.
중고거래 사기,2023-02-25,Lewisborough,거래 대금을 지불했지만 물품이 배송되지 않았습니다.,Ashley Perry / +1-917-798-2708x0869,구매 후기 사이트에 해당 내용을 올렸습니다.,상대방의 전화번호와 계좌번호가 있습니다.
중고거래 사기,2023-12-04,Lake Beth,계좌로 송금했지만 판매자가 입금 사실을 부인합니다.,Betty Hughes / +1-958-669-3465x472,경찰서에 방문하여 상담을 받았습니다.,거래 내용이 포함된 문자 메시지 대화 기록이 있습니다.
중고거래 사기,2023-03-11,Morrisonhaven,계좌로 송금했지만 판매자가 입금 사실을 부인합니다.,Michael Valencia / 001-833-394-5228x851,포기하고 다른 사람과 거래를 시도했습니다.,상대방의 전화번호와 계좌번호가 있습니다.
중고거래 사기,2024-07-06,Annashire,지불 후 판매자가 더 많은 돈을 요구했습니다.,Mary Butler / 001-846-081-0620x0342,구매 후기 사이트에 해당 내용을 올렸습니다.,거래 내용이 포함된 문자 메시지 대화 기록이 있습니다.
중고거래 사기,2023-07-04,Dwayneton,물품이 설명과 다르거나 상태가 좋지 않습니다.,Elizabeth Molina / 5719838638,포기하고 다른 사람과 거래를 시도했습니다.,증거가 없습니다.
중고거래 사기,2024-07-25,Heatherton,거래 대금을 지불했지만 물품이 배송되지 않았습니다.,Jasmine Frye / +1-580-043-9735x98933,상대방에게 여러 번 연락을 시도했지만 응답이 없습니다.,상대방의 전화번호와 계좌번호가 있습니다.
중고거래 사기,2023-07-10,Thompsonland,물품이 설명과 다르거나 상태가 좋지 않습니다.,Christopher Palmer / (064)842-2940x5720,신고를 결심했습니다.,증거가 없습니다.
중고거래 사기,2023-03-23,Candiceport,가짜 송장번호를 주고 물품을 보내지 않았습니다.,Kenneth Howard DDS / 832-818-2688x61533,구매 후기 사이트에 해당 내용을 올렸습니다.,송금 내역 스크린샷이 있습니다.
중고거래 사기,2024-04-22,Markport,가짜 송장번호를 주고 물품을 보내지 않았습니다.,Paul Moreno / +1-015-739-9305,신고를 결심했습니다.,송금 내역 스크린샷이 있습니다.
중고거래 사기,2023-09-16,South Jonathanport,지불 후 판매자가 더 많은 돈을 요구했습니다.,Jose Townsend / 877.043.5811x28801,신고를 결심했습니다.,상대방의 전화번호와 계좌번호가 있습니다.
중고거래 사기,2023-05-06,Port Gina,계좌로 송금했지만 판매자가 입금 사실을 부인합니다.,Christine Poole / 001-612-075-0110x2481,경찰서에 방문하여 상담을 받았습니다.,운송장 번호와 대화 기록이 있습니다.
중고거래 사기,2024-02-13,West Rickey,가짜 송장번호를 주고 물품을 보내지 않았습니다.,Jared Stewart / (180)919-0158x1449,판매자를 계속 추궁했으나 결과가 없었습니다.,상대방의 전화번호와 계좌번호가 있습니다.
중고거래 사기,2023-01-30,Kathymouth,가짜 송장번호를 주고 물품을 보내지 않았습니다.,Rodney Johnson / (832)684-2450,포기하고 다른 사람과 거래를 시도했습니다.,운송장 번호와 대화 기록이 있습니다.
중고거래 사기,2024-01-27,North Bobby,지불 후 판매자가 더 많은 돈을 요구했습니다.,Jennifer Kelley / 435-368-2223,경찰서에 방문하여 상담을 받았습니다.,상대방의 전화번호와 계좌번호가 있습니다.
중고거래 사기,2024-03-17,Jamesburgh,물품이 설명과 다르거나 상태가 좋지 않습니다.,Latoya Brown / 001-878-141-4139x75523,포기하고 다른 사람과 거래를 시도했습니다.,상대방의 전화번호와 계좌번호가 있습니다.
중고거래 사기,2023-02-09,Christineborough,지불 후 판매자가 더 많은 돈을 요구했습니다.,Jerry Jensen / 929-955-6205x3364,판매자를 계속 추궁했으나 결과가 없었습니다.,거래 내용이 포함된 문자 메시지 대화 기록이 있습니다.
중고거래 사기,2024-09-06,Dennismouth,계좌로 송금했지만 판매자가 입금 사실을 부인합니다.,Julie Howard / 781-291-4283x4110,판매자를 계속 추궁했으나 결과가 없었습니다.,운송장 번호와 대화 기록이 있습니다.
중고거래 사기,2024-09-13,Port Bonniefurt,지불 후 판매자가 더 많은 돈을 요구했습니다.,Christy Johnson / 887-256-3942x788,포기하고 다른 사람과 거래를 시도했습니다.,거래 내용이 포함된 문자 메시지 대화 기록이 있습니다.
중고거래 사기,2023-02-02,Coxtown,판매자가 갑자기 연락이 두절되었습니다.,Sarah Drake / +1-282-722-9927x503,구매 후기 사이트에 해당 내용을 올렸습니다.,송금 내역 스크린샷이 있습니다.
중고거래 사기,2024-07-07,Hallview,계좌로 송금했지만 판매자가 입금 사실을 부인합니다.,Andrew Clark / (677)005-1844x989,판매자를 계속 추궁했으나 결과가 없었습니다.,거래 내용이 포함된 문자 메시지 대화 기록이 있습니다.
중고거래 사기,2023-04-08,Valdezstad,판매자가 갑자기 연락이 두절되었습니다.,Stephanie Miller / 638-655-7790x827,판매자를 계속 추궁했으나 결과가 없었습니다.,물품 거래 내역을 캡처한 화면이 있습니다.
중고거래 사기,2023-04-01,North Xavier,가짜 송장번호를 주고 물품을 보내지 않았습니다.,Chris Moore / +1-136-517-7739x260,상대방에게 여러 번 연락을 시도했지만 응답이 없습니다.,거래 내용이 포함된 문자 메시지 대화 기록이 있습니다.
중고거래 사기,2023-06-01,East Ashleyburgh,물품이 설명과 다르거나 상태가 좋지 않습니다.,Jose Macdonald / (024)286-9904,신고를 결심했습니다.,상대방의 전화번호와 계좌번호가 있습니다.
중고거래 사기,2023-01-29,South Catherine,계좌로 송금했지만 판매자가 입금 사실을 부인합니다.,John Robinson / (929)298-4257x99136,신고를 결심했습니다.,증거가 없습니다.
중고거래 사기,2023-09-19,North Allen,물품이 설명과 다르거나 상태가 좋지 않습니다.,Susan Cohen / (912)799-0881,상대방에게 여러 번 연락을 시도했지만 응답이 없습니다.,상대방의 전화번호와 계좌번호가 있습니다.
중고거래 사기,2023-02-04,Hopkinsside,지불 후 판매자가 더 많은 돈을 요구했습니다.,Stephanie Hampton / +1-686-508-6376x5991,판매자를 계속 추궁했으나 결과가 없었습니다.,운송장 번호와 대화 기록이 있습니다.
중고거래 사기,2023-10-20,West Thomas,지불 후 판매자가 더 많은 돈을 요구했습니다.,Scott Campbell / +1-643-009-8180,구매 후기 사이트에 해당 내용을 올렸습니다.,송금 내역 스크린샷이 있습니다.
중고거래 사기,2023-09-11,Lake Linda,물품이 설명과 다르거나 상태가 좋지 않습니다.,Brian Simmons / 001-448-695-9463,구매 후기 사이트에 해당 내용을 올렸습니다.,상대방의 전화번호와 계좌번호가 있습니다.
중고거래 사기,2023-10-10,Whiteside,가짜 송장번호를 주고 물품을 보내지 않았습니다.,Dawn Parker / (621)372-1386x589,포기하고 다른 사람과 거래를 시도했습니다.,송금 내역 스크린샷이 있습니다.
중고거래 사기,2024-05-18,East Paultown,가짜 송장번호를 주고 물품을 보내지 않았습니다.,Samantha Ruiz / +1-611-435-1906x698,구매 후기 사이트에 해당 내용을 올렸습니다.,상대방의 전화번호와 계좌번호가 있습니다.
중고거래 사기,2023-07-04,Port Lorifort,거래 대금을 지불했지만 물품이 배송되지 않았습니다.,Dakota Sandoval / 430.988.3920x53021,판매자를 계속 추궁했으나 결과가 없었습니다.,물품 거래 내역을 캡처한 화면이 있습니다.
중고거래 사기,2023-06-26,Gomezfurt,지불 후 판매자가 더 많은 돈을 요구했습니다.,Curtis Smith / 001-118-489-5543x937,구매 후기 사이트에 해당 내용을 올렸습니다.,운송장 번호와 대화 기록이 있습니다.
중고거래 사기,2024-11-15,Andrewsview,계좌로 송금했지만 판매자가 입금 사실을 부인합니다.,Jonathan Hansen / 451.848.9476x97357,포기하고 다른 사람과 거래를 시도했습니다.,운송장 번호와 대화 기록이 있습니다.
중고거래 사기,2024-05-06,Mosleytown,가짜 송장번호를 주고 물품을 보내지 않았습니다.,Mr. James Kramer / 356.588.0434,신고를 결심했습니다.,상대방의 전화번호와 계좌번호가 있습니다.
중고거래 사기,2023-02-04,Nunezmouth,물품이 설명과 다르거나 상태가 좋지 않습니다.,Timothy Woods / (394)237-3334x333,판매자를 계속 추궁했으나 결과가 없었습니다.,상대방의 전화번호와 계좌번호가 있습니다.
중고거래 사기,2024-09-02,Port Christine,지불 후 판매자가 더 많은 돈을 요구했습니다.,Brian Mora / +1-790-807-5957x94728,상대방에게 여러 번 연락을 시도했지만 응답이 없습니다.,상대방의 전화번호와 계좌번호가 있습니다.
중고거래 사기,2023-06-29,Walkershire,판매자가 갑자기 연락이 두절되었습니다.,Joseph Henderson / +1-085-627-1875,포기하고 다른 사람과 거래를 시도했습니다.,증거가 없습니다.
중고거래 사기,2024-05-12,North Emilyfurt,지불 후 판매자가 더 많은 돈을 요구했습니다.,Erika Salazar / 284-347-9552x763,포기하고 다른 사람과 거래를 시도했습니다.,거래 내용이 포함된 문자 메시지 대화 기록이 있습니다.
중고거래 사기,2023-10-15,Michaelfurt,지불 후 판매자가 더 많은 돈을 요구했습니다.,Christopher Anderson / 001-314-386-6322,신고를 결심했습니다.,운송장 번호와 대화 기록이 있습니다.
중고거래 사기,2023-11-26,East Robertberg,가짜 송장번호를 주고 물품을 보내지 않았습니다.,Sarah Holmes DDS / 448.906.1203x4717,상대방에게 여러 번 연락을 시도했지만 응답이 없습니다.,상대방의 전화번호와 계좌번호가 있습니다.
중고거래 사기,2024-06-24,Jordanstad,가짜 송장번호를 주고 물품을 보내지 않았습니다.,Tara Scott / 6159399824,경찰서에 방문하여 상담을 받았습니다.,증거가 없습니다.
중고거래 사기,2023-08-26,Emilyfort,거래 대금을 지불했지만 물품이 배송되지 않았습니다.,Jillian Miller / +1-472-256-9961x125,상대방에게 여러 번 연락을 시도했지만 응답이 없습니다.,증거가 없습니다.
중고거래 사기,2023-05-20,Loganport,지불 후 판매자가 더 많은 돈을 요구했습니다.,Lisa Foster / 598.762.2023x413,신고를 결심했습니다.,상대방의 전화번호와 계좌번호가 있습니다.
중고거래 사기,2023-04-02,Garcialand,물품이 설명과 다르거나 상태가 좋지 않습니다.,Kara Brown / 001-681-149-2164x33472,상대방에게 여러 번 연락을 시도했지만 응답이 없습니다.,물품 거래 내역을 캡처한 화면이 있습니다.
중고거래 사기,2023-03-05,North Austin,지불 후 판매자가 더 많은 돈을 요구했습니다.,Thomas Lin / 848.728.2997x968,판매자를 계속 추궁했으나 결과가 없었습니다.,거래 내용이 포함된 문자 메시지 대화 기록이 있습니다.
중고거래 사기,2024-04-03,Reginafort,지불 후 판매자가 더 많은 돈을 요구했습니다.,Regina Ramos / (642)400-8254x780,판매자를 계속 추궁했으나 결과가 없었습니다.,물품 거래 내역을 캡처한 화면이 있습니다.
중고거래 사기,2024-05-11,Arroyofort,지불 후 판매자가 더 많은 돈을 요구했습니다.,Ralph Yates / +1-308-536-8663x266,판매자를 계속 추궁했으나 결과가 없었습니다.,상대방의 전화번호와 계좌번호가 있습니다.
중고거래 사기,2023-05-14,Christianbury,판매자가 갑자기 연락이 두절되었습니다.,Rebecca Austin / 001-448-463-1224x179,상대방에게 여러 번 연락을 시도했지만 응답이 없습니다.,상대방의 전화번호와 계좌번호가 있습니다.
중고거래 사기,2023-11-10,Jackiefort,거래 대금을 지불했지만 물품이 배송되지 않았습니다.,Alec Williams / +1-021-442-7031,포기하고 다른 사람과 거래를 시도했습니다.,운송장 번호와 대화 기록이 있습니다.
중고거래 사기,2023-03-21,South Jeffchester,거래 대금을 지불했지만 물품이 배송되지 않았습니다.,Robert Bolton / 051.204.6187x234,판매자를 계속 추궁했으나 결과가 없었습니다.,거래 내용이 포함된 문자 메시지 대화 기록이 있습니다.
중고거래 사기,2024-08-19,Claytonville,계좌로 송금했지만 판매자가 입금 사실을 부인합니다.,Michelle Cruz / 303.718.3764x520,상대방에게 여러 번 연락을 시도했지만 응답이 없습니다.,증거가 없습니다.
중고거래 사기,2024-06-24,West Timothyport,거래 대금을 지불했지만 물품이 배송되지 않았습니다.,Stephen Boyer / 136.502.4916,상대방에게 여러 번 연락을 시도했지만 응답이 없습니다.,거래 내용이 포함된 문자 메시지 대화 기록이 있습니다.
중고거래 사기,2024-07-28,North Tanya,물품이 설명과 다르거나 상태가 좋지 않습니다.,Melissa Barker / (513)271-9500,상대방에게 여러 번 연락을 시도했지만 응답이 없습니다.,운송장 번호와 대화 기록이 있습니다.
중고거래 사기,2023-08-27,Lake Amanda,물품이 설명과 다르거나 상태가 좋지 않습니다.,John Stewart / +1-573-065-2407,신고를 결심했습니다.,거래 내용이 포함된 문자 메시지 대화 기록이 있습니다.
중고거래 사기,2024-05-25,Hansenside,지불 후 판매자가 더 많은 돈을 요구했습니다.,Cheryl Lopez / (574)982-1827x448,포기하고 다른 사람과 거래를 시도했습니다.,송금 내역 스크린샷이 있습니다.
중고거래 사기,2023-09-05,Smithhaven,가짜 송장번호를 주고 물품을 보내지 않았습니다.,Cody Smith / (935)186-3878x294,신고를 결심했습니다.,상대방의 전화번호와 계좌번호가 있습니다.
중고거래 사기,2023-08-01,Davidsonville,계좌로 송금했지만 판매자가 입금 사실을 부인합니다.,Matthew Williams / (203)173-1096,판매자를 계속 추궁했으나 결과가 없었습니다.,물품 거래 내역을 캡처한 화면이 있습니다.
중고거래 사기,2024-04-18,Foxshire,물품이 설명과 다르거나 상태가 좋지 않습니다.,Jacob Obrien / 037-170-5865,경찰서에 방문하여 상담을 받았습니다.,운송장 번호와 대화 기록이 있습니다.
중고거래 사기,2024-08-01,Port Christinahaven,계좌로 송금했지만 판매자가 입금 사실을 부인합니다.,Benjamin Torres / 811.386.3383,포기하고 다른 사람과 거래를 시도했습니다.,송금 내역 스크린샷이 있습니다.
중고거래 사기,2024-02-09,New Kara,물품이 설명과 다르거나 상태가 좋지 않습니다.,Brian Fowler / (761)228-6852x897,판매자를 계속 추궁했으나 결과가 없었습니다.,송금 내역 스크린샷이 있습니다.
중고거래 사기,2024-11-18,Rachelside,가짜 송장번호를 주고 물품을 보내지 않았습니다.,Erika Watson PhD / (593)983-6845x77600,상대방에게 여러 번 연락을 시도했지만 응답이 없습니다.,물품 거래 내역을 캡처한 화면이 있습니다.
중고거래 사기,2023-07-02,New Derekport,가짜 송장번호를 주고 물품을 보내지 않았습니다.,William Lewis / 048-889-9210x75224,포기하고 다른 사람과 거래를 시도했습니다.,상대방의 전화번호와 계좌번호가 있습니다.
중고거래 사기,2023-09-05,East Jonathan,지불 후 판매자가 더 많은 돈을 요구했습니다.,Kelly Carroll / 157.279.1940,포기하고 다른 사람과 거래를 시도했습니다.,거래 내용이 포함된 문자 메시지 대화 기록이 있습니다.
중고거래 사기,2024-06-13,Millerton,거래 대금을 지불했지만 물품이 배송되지 않았습니다.,Felicia Hobbs / (613)906-0480x58925,경찰서에 방문하여 상담을 받았습니다.,증거가 없습니다.
중고거래 사기,2023-12-19,East Brent,계좌로 송금했지만 판매자가 입금 사실을 부인합니다.,Jenna Griffin / +1-981-364-6225x179,신고를 결심했습니다.,송금 내역 스크린샷이 있습니다.
중고거래 사기,2024-06-24,New Raymondland,계좌로 송금했지만 판매자가 입금 사실을 부인합니다.,Jeffrey Wolfe / 001-278-376-9389x83314,판매자를 계속 추궁했으나 결과가 없었습니다.,증거가 없습니다.
중고거래 사기,2024-07-19,Morrisshire,가짜 송장번호를 주고 물품을 보내지 않았습니다.,Michael Henderson / (355)904-2597x927,상대방에게 여러 번 연락을 시도했지만 응답이 없습니다.,운송장 번호와 대화 기록이 있습니다.
중고거래 사기,2022-12-28,East Gina,거래 대금을 지불했지만 물품이 배송되지 않았습니다.,Nicholas Miller / 001-039-240-5147x7053,판매자를 계속 추궁했으나 결과가 없었습니다.,운송장 번호와 대화 기록이 있습니다.
중고거래 사기,2024-06-20,East Amy,지불 후 판매자가 더 많은 돈을 요구했습니다.,Kimberly Dean / (069)804-2043,포기하고 다른 사람과 거래를 시도했습니다.,물품 거래 내역을 캡처한 화면이 있습니다.
중고거래 사기,2024-07-28,Briantown,거래 대금을 지불했지만 물품이 배송되지 않았습니다.,Matthew Alvarado / +1-510-463-6815x79812,경찰서에 방문하여 상담을 받았습니다.,증거가 없습니다.
중고거래 사기,2023-04-27,Castrotown,판매자가 갑자기 연락이 두절되었습니다.,Thomas Torres / 620.555.4384x0460,상대방에게 여러 번 연락을 시도했지만 응답이 없습니다.,상대방의 전화번호와 계좌번호가 있습니다.
중고거래 사기,2024-01-29,Jeremiahmouth,지불 후 판매자가 더 많은 돈을 요구했습니다.,Mary Miller / (893)639-2649x5782,상대방에게 여러 번 연락을 시도했지만 응답이 없습니다.,상대방의 전화번호와 계좌번호가 있습니다.
중고거래 사기,2023-05-03,New Amber,판매자가 갑자기 연락이 두절되었습니다.,Shari Parker / 001-826-292-5188x125,포기하고 다른 사람과 거래를 시도했습니다.,상대방의 전화번호와 계좌번호가 있습니다.
중고거래 사기,2024-09-06,Lake Anthony,계좌로 송금했지만 판매자가 입금 사실을 부인합니다.,William Ali / 742-312-2099x4999,신고를 결심했습니다.,상대방의 전화번호와 계좌번호가 있습니다.
중고거래 사기,2023-05-22,East Grace,물품이 설명과 다르거나 상태가 좋지 않습니다.,Michael Woods / 975.267.7223x30604,포기하고 다른 사람과 거래를 시도했습니다.,운송장 번호와 대화 기록이 있습니다.
중고거래 사기,2023-10-10,Lake Emily,계좌로 송금했지만 판매자가 입금 사실을 부인합니다.,Daniel Thompson / 975.736.6096x569,판매자를 계속 추궁했으나 결과가 없었습니다.,운송장 번호와 대화 기록이 있습니다.
중고거래 사기,2024-11-22,New Danielmouth,가짜 송장번호를 주고 물품을 보내지 않았습니다.,Amanda Forbes / 860.868.0347x64472,구매 후기 사이트에 해당 내용을 올렸습니다.,상대방의 전화번호와 계좌번호가 있습니다.
중고거래 사기,2023-10-18,Christieton,지불 후 판매자가 더 많은 돈을 요구했습니다.,Stephanie Ford / +1-718-129-8266x5702,포기하고 다른 사람과 거래를 시도했습니다.,운송장 번호와 대화 기록이 있습니다.
중고거래 사기,2023-11-11,South Christopher,판매자가 갑자기 연락이 두절되었습니다.,Matthew Dawson / (111)751-8689,판매자를 계속 추궁했으나 결과가 없었습니다.,거래 내용이 포함된 문자 메시지 대화 기록이 있습니다.
중고거래 사기,2023-03-28,Pierceton,거래 대금을 지불했지만 물품이 배송되지 않았습니다.,Susan Cunningham / +1-222-206-4474x21230,판매자를 계속 추궁했으나 결과가 없었습니다.,상대방의 전화번호와 계좌번호가 있습니다.
중고거래 사기,2024-03-21,Alexanderfort,물품이 설명과 다르거나 상태가 좋지 않습니다.,Kimberly Smith / 339.776.7199x0384,구매 후기 사이트에 해당 내용을 올렸습니다.,운송장 번호와 대화 기록이 있습니다.
중고거래 사기,2024-03-19,North Jack,가짜 송장번호를 주고 물품을 보내지 않았습니다.,Gregory Thomas / 9945101622,포기하고 다른 사람과 거래를 시도했습니다.,상대방의 전화번호와 계좌번호가 있습니다.
중고거래 사기,2024-04-29,Cherylshire,판매자가 갑자기 연락이 두절되었습니다.,Cassandra Gibson / 001-501-455-6168,상대방에게 여러 번 연락을 시도했지만 응답이 없습니다.,상대방의 전화번호와 계좌번호가 있습니다.
중고거래 사기,2023-01-13,Thomasville,판매자가 갑자기 연락이 두절되었습니다.,Denise Rose / 339.019.8179x46954,신고를 결심했습니다.,상대방의 전화번호와 계좌번호가 있습니다.
중고거래 사기,2024-01-06,Sarashire,물품이 설명과 다르거나 상태가 좋지 않습니다.,Nicholas Jimenez PhD / +1-343-010-7139x660,판매자를 계속 추궁했으나 결과가 없었습니다.,물품 거래 내역을 캡처한 화면이 있습니다.
중고거래 사기,2023-08-10,Annborough,판매자가 갑자기 연락이 두절되었습니다.,Curtis Campbell / 448-850-1556,판매자를 계속 추궁했으나 결과가 없었습니다.,운송장 번호와 대화 기록이 있습니다.
중고거래 사기,2024-06-08,Port Gregorymouth,계좌로 송금했지만 판매자가 입금 사실을 부인합니다.,Tammy Mendoza / 027.278.5760x8495,판매자를 계속 추궁했으나 결과가 없었습니다.,운송장 번호와 대화 기록이 있습니다.
중고거래 사기,2024-01-29,East Barbaramouth,거래 대금을 지불했지만 물품이 배송되지 않았습니다.,Stacy Gomez / (405)682-9962,경찰서에 방문하여 상담을 받았습니다.,거래 내용이 포함된 문자 메시지 대화 기록이 있습니다.
중고거래 사기,2024-02-29,Port Kimberlyport,거래 대금을 지불했지만 물품이 배송되지 않았습니다.,Emily Johnson / (173)574-3842x15031,신고를 결심했습니다.,증거가 없습니다.
중고거래 사기,2023-11-03,Port Timothyhaven,지불 후 판매자가 더 많은 돈을 요구했습니다.,Gerald Webb / 452.182.3076x81040,구매 후기 사이트에 해당 내용을 올렸습니다.,운송장 번호와 대화 기록이 있습니다.
중고거래 사기,2024-05-10,West Steventon,물품이 설명과 다르거나 상태가 좋지 않습니다.,Ralph Reese / 9435334485,포기하고 다른 사람과 거래를 시도했습니다.,상대방의 전화번호와 계좌번호가 있습니다.
중고거래 사기,2024-07-16,Lambertview,계좌로 송금했지만 판매자가 입금 사실을 부인합니다.,Donald Smith / +1-881-385-8542x493,포기하고 다른 사람과 거래를 시도했습니다.,상대방의 전화번호와 계좌번호가 있습니다.
중고거래 사기,2023-04-06,West Christinamouth,지불 후 판매자가 더 많은 돈을 요구했습니다.,Amber Johnson / +1-016-016-6299x79545,상대방에게 여러 번 연락을 시도했지만 응답이 없습니다.,송금 내역 스크린샷이 있습니다.
중고거래 사기,2024-08-19,Lake Katherine,판매자가 갑자기 연락이 두절되었습니다.,Angela Livingston / 001-792-171-7477x33294,신고를 결심했습니다.,상대방의 전화번호와 계좌번호가 있습니다.
중고거래 사기,2024-11-02,Philipmouth,계좌로 송금했지만 판매자가 입금 사실을 부인합니다.,Sonya Chavez / 1715772459,신고를 결심했습니다.,물품 거래 내역을 캡처한 화면이 있습니다.
중고거래 사기,2024-02-13,New Dakota,계좌로 송금했지만 판매자가 입금 사실을 부인합니다.,Rebecca Nguyen / +1-148-769-6393x8276,경찰서에 방문하여 상담을 받았습니다.,물품 거래 내역을 캡처한 화면이 있습니다.
중고거래 사기,2023-01-14,Jaredshire,지불 후 판매자가 더 많은 돈을 요구했습니다.,William Bradley / 832-197-1997x58172,경찰서에 방문하여 상담을 받았습니다.,운송장 번호와 대화 기록이 있습니다.
중고거래 사기,2023-07-21,Jonesville,판매자가 갑자기 연락이 두절되었습니다.,Linda Wilkins / 701-329-0227x84699,구매 후기 사이트에 해당 내용을 올렸습니다.,증거가 없습니다.
중고거래 사기,2023-11-06,East Erin,가짜 송장번호를 주고 물품을 보내지 않았습니다.,Kelly Gentry / 651-909-8624x0580,판매자를 계속 추궁했으나 결과가 없었습니다.,물품 거래 내역을 캡처한 화면이 있습니다.
중고거래 사기,2022-11-24,Danielport,계좌로 송금했지만 판매자가 입금 사실을 부인합니다.,Cynthia Park / (566)668-3272x3865,구매 후기 사이트에 해당 내용을 올렸습니다.,물품 거래 내역을 캡처한 화면이 있습니다.
중고거래 사기,2024-09-06,Mooreberg,판매자가 갑자기 연락이 두절되었습니다.,Benjamin Smith / 001-762-126-7969x2786,판매자를 계속 추궁했으나 결과가 없었습니다.,거래 내용이 포함된 문자 메시지 대화 기록이 있습니다.
중고거래 사기,2024-01-26,Cruzbury,거래 대금을 지불했지만 물품이 배송되지 않았습니다.,Larry Lane / 001-384-689-5009x7519,포기하고 다른 사람과 거래를 시도했습니다.,거래 내용이 포함된 문자 메시지 대화 기록이 있습니다.
중고거래 사기,2023-12-03,East Jessicahaven,판매자가 갑자기 연락이 두절되었습니다.,Dr. Peggy Marshall / 891-371-8949,상대방에게 여러 번 연락을 시도했지만 응답이 없습니다.,증거가 없습니다.
중고거래 사기,2023-01-03,Amandatown,가짜 송장번호를 주고 물품을 보내지 않았습니다.,Jose Harrison / 001-565-442-0949x4079,포기하고 다른 사람과 거래를 시도했습니다.,거래 내용이 포함된 문자 메시지 대화 기록이 있습니다.
중고거래 사기,2023-04-04,Lake Veronicatown,물품이 설명과 다르거나 상태가 좋지 않습니다.,Bradley Wagner / 429-444-0192x927,신고를 결심했습니다.,증거가 없습니다.
중고거래 사기,2023-09-07,West Kimberly,지불 후 판매자가 더 많은 돈을 요구했습니다.,Christopher Rose / 5129276637,판매자를 계속 추궁했으나 결과가 없었습니다.,증거가 없습니다.
중고거래 사기,2024-06-09,East Becky,가짜 송장번호를 주고 물품을 보내지 않았습니다.,Amy Baker / 027-674-7836,경찰서에 방문하여 상담을 받았습니다.,운송장 번호와 대화 기록이 있습니다.
중고거래 사기,2024-05-07,Wellsberg,판매자가 갑자기 연락이 두절되었습니다.,Jessica Roberts / 658.018.5694x544,상대방에게 여러 번 연락을 시도했지만 응답이 없습니다.,거래 내용이 포함된 문자 메시지 대화 기록이 있습니다.
중고거래 사기,2024-08-08,West Destinyfurt,판매자가 갑자기 연락이 두절되었습니다.,Michael Allen / +1-938-525-8001x06181,신고를 결심했습니다.,물품 거래 내역을 캡처한 화면이 있습니다.
중고거래 사기,2024-05-09,Bellport,물품이 설명과 다르거나 상태가 좋지 않습니다.,Andrew Harvey / 9391119269,판매자를 계속 추궁했으나 결과가 없었습니다.,송금 내역 스크린샷이 있습니다.
중고거래 사기,2024-08-08,North Heather,계좌로 송금했지만 판매자가 입금 사실을 부인합니다.,John Mayer / +1-746-542-1406x6504,경찰서에 방문하여 상담을 받았습니다.,거래 내용이 포함된 문자 메시지 대화 기록이 있습니다.
중고거래 사기,2024-08-16,Gregoryland,판매자가 갑자기 연락이 두절되었습니다.,Timothy Bishop Jr. / 128.639.1741x0119,상대방에게 여러 번 연락을 시도했지만 응답이 없습니다.,송금 내역 스크린샷이 있습니다.
중고거래 사기,2024-06-11,Kimberlytown,가짜 송장번호를 주고 물품을 보내지 않았습니다.,Brittany Bowman / 6425690877,판매자를 계속 추궁했으나 결과가 없었습니다.,증거가 없습니다.
중고거래 사기,2023-10-28,Anthonyland,물품이 설명과 다르거나 상태가 좋지 않습니다.,April Finley / 001-719-855-4601x58517,포기하고 다른 사람과 거래를 시도했습니다.,상대방의 전화번호와 계좌번호가 있습니다.
중고거래 사기,2024-07-06,Deborahburgh,거래 대금을 지불했지만 물품이 배송되지 않았습니다.,Tracy Guerrero / 615-717-3203x0937,상대방에게 여러 번 연락을 시도했지만 응답이 없습니다.,운송장 번호와 대화 기록이 있습니다.
중고거래 사기,2023-09-21,Port Amberport,판매자가 갑자기 연락이 두절되었습니다.,Dr. Robert Levy Jr. / 050-613-8782x93102,구매 후기 사이트에 해당 내용을 올렸습니다.,상대방의 전화번호와 계좌번호가 있습니다.
중고거래 사기,2023-12-08,South Rebeccaton,지불 후 판매자가 더 많은 돈을 요구했습니다.,Matthew Smith / +1-041-792-9111x7993,판매자를 계속 추궁했으나 결과가 없었습니다.,거래 내용이 포함된 문자 메시지 대화 기록이 있습니다.
중고거래 사기,2023-01-12,South Matthew,거래 대금을 지불했지만 물품이 배송되지 않았습니다.,Nancy Morales / 982-530-9251,판매자를 계속 추궁했으나 결과가 없었습니다.,상대방의 전화번호와 계좌번호가 있습니다.
중고거래 사기,2023-02-25,Donaldchester,거래 대금을 지불했지만 물품이 배송되지 않았습니다.,Jacob Martin / 902.196.2071,상대방에게 여러 번 연락을 시도했지만 응답이 없습니다.,상대방의 전화번호와 계좌번호가 있습니다.
중고거래 사기,2022-11-28,East Sarashire,지불 후 판매자가 더 많은 돈을 요구했습니다.,Jennifer Aguirre / 001-723-248-7632x90927,상대방에게 여러 번 연락을 시도했지만 응답이 없습니다.,운송장 번호와 대화 기록이 있습니다.
중고거래 사기,2024-03-13,Lake Margaretport,계좌로 송금했지만 판매자가 입금 사실을 부인합니다.,Aaron Young / 819-588-3734,포기하고 다른 사람과 거래를 시도했습니다.,송금 내역 스크린샷이 있습니다.
중고거래 사기,2023-01-04,North Laura,물품이 설명과 다르거나 상태가 좋지 않습니다.,Tracy Wells / (200)543-6459,신고를 결심했습니다.,운송장 번호와 대화 기록이 있습니다.
중고거래 사기,2024-08-10,Williamston,판매자가 갑자기 연락이 두절되었습니다.,Casey Floyd / 811.379.9563x5315,상대방에게 여러 번 연락을 시도했지만 응답이 없습니다.,거래 내용이 포함된 문자 메시지 대화 기록이 있습니다.
중고거래 사기,2023-05-19,East Joanborough,거래 대금을 지불했지만 물품이 배송되지 않았습니다.,Daniel Ruiz / 062.397.2652x7354,경찰서에 방문하여 상담을 받았습니다.,상대방의 전화번호와 계좌번호가 있습니다.
중고거래 사기,2023-04-30,Davidshire,가짜 송장번호를 주고 물품을 보내지 않았습니다.,Chad York / 625.349.2929x831,경찰서에 방문하여 상담을 받았습니다.,운송장 번호와 대화 기록이 있습니다.
중고거래 사기,2023-10-09,Atkinsborough,물품이 설명과 다르거나 상태가 좋지 않습니다.,Sara Ramirez / 001-633-569-3929x0600,경찰서에 방문하여 상담을 받았습니다.,상대방의 전화번호와 계좌번호가 있습니다.
중고거래 사기,2023-11-24,South Amandafort,지불 후 판매자가 더 많은 돈을 요구했습니다.,Melissa Garcia / 318.063.2543x1074,구매 후기 사이트에 해당 내용을 올렸습니다.,물품 거래 내역을 캡처한 화면이 있습니다.
중고거래 사기,2023-03-29,Hodgeshire,가짜 송장번호를 주고 물품을 보내지 않았습니다.,Jesse Ingram / 001-625-701-6580x464,구매 후기 사이트에 해당 내용을 올렸습니다.,물품 거래 내역을 캡처한 화면이 있습니다.
중고거래 사기,2024-05-19,Port Gail,가짜 송장번호를 주고 물품을 보내지 않았습니다.,Gabriela Randolph / 501.657.9055x28183,경찰서에 방문하여 상담을 받았습니다.,송금 내역 스크린샷이 있습니다.
중고거래 사기,2023-03-11,Johnville,가짜 송장번호를 주고 물품을 보내지 않았습니다.,Nancy Goodwin / 001-335-548-6401x557,포기하고 다른 사람과 거래를 시도했습니다.,송금 내역 스크린샷이 있습니다.
중고거래 사기,2023-12-06,South Jenniferside,물품이 설명과 다르거나 상태가 좋지 않습니다.,Jodi Richardson / +1-137-116-2411x24127,포기하고 다른 사람과 거래를 시도했습니다.,거래 내용이 포함된 문자 메시지 대화 기록이 있습니다.
중고거래 사기,2023-03-20,New Stephanie,판매자가 갑자기 연락이 두절되었습니다.,Jason Fleming / (756)704-3103,포기하고 다른 사람과 거래를 시도했습니다.,송금 내역 스크린샷이 있습니다.
중고거래 사기,2024-09-02,Robertmouth,물품이 설명과 다르거나 상태가 좋지 않습니다.,Rachel Tucker / +1-887-749-2424x37540,신고를 결심했습니다.,거래 내용이 포함된 문자 메시지 대화 기록이 있습니다.
중고거래 사기,2023-03-19,Justinburgh,가짜 송장번호를 주고 물품을 보내지 않았습니다.,Caitlyn Nichols / (222)310-5927,상대방에게 여러 번 연락을 시도했지만 응답이 없습니다.,거래 내용이 포함된 문자 메시지 대화 기록이 있습니다.
중고거래 사기,2023-06-14,Jackside,거래 대금을 지불했지만 물품이 배송되지 않았습니다.,Mary Spence / (578)284-1067,구매 후기 사이트에 해당 내용을 올렸습니다.,상대방의 전화번호와 계좌번호가 있습니다.
중고거래 사기,2024-07-12,South Sarah,계좌로 송금했지만 판매자가 입금 사실을 부인합니다.,Wayne Payne / 547.492.9751x70281,경찰서에 방문하여 상담을 받았습니다.,상대방의 전화번호와 계좌번호가 있습니다.
중고거래 사기,2023-07-21,South Christinabury,판매자가 갑자기 연락이 두절되었습니다.,Brandon Brown / +1-398-343-0187x1863,상대방에게 여러 번 연락을 시도했지만 응답이 없습니다.,거래 내용이 포함된 문자 메시지 대화 기록이 있습니다.
중고거래 사기,2023-12-09,Carriehaven,판매자가 갑자기 연락이 두절되었습니다.,Susan Ward / (656)504-5547,포기하고 다른 사람과 거래를 시도했습니다.,물품 거래 내역을 캡처한 화면이 있습니다.
중고거래 사기,2024-10-03,East Jessicamouth,계좌로 송금했지만 판매자가 입금 사실을 부인합니다.,Jennifer Ramos / (662)991-2347,구매 후기 사이트에 해당 내용을 올렸습니다.,송금 내역 스크린샷이 있습니다.
중고거래 사기,2024-09-27,Carlshire,계좌로 송금했지만 판매자가 입금 사실을 부인합니다.,Ann Ortiz / 628-792-3264x870,신고를 결심했습니다.,물품 거래 내역을 캡처한 화면이 있습니다.
중고거래 사기,2024-08-24,Maryport,계좌로 송금했지만 판매자가 입금 사실을 부인합니다.,Patrick Walker DDS / (447)146-2730,경찰서에 방문하여 상담을 받았습니다.,증거가 없습니다.
중고거래 사기,2023-02-24,Trevorland,물품이 설명과 다르거나 상태가 좋지 않습니다.,Heidi Castillo / (471)589-0429x02572,구매 후기 사이트에 해당 내용을 올렸습니다.,송금 내역 스크린샷이 있습니다.
중고거래 사기,2023-08-28,North Joseph,가짜 송장번호를 주고 물품을 보내지 않았습니다.,Thomas Kelly / 481-832-1928x5544,신고를 결심했습니다.,증거가 없습니다.
중고거래 사기,2024-05-09,Codyshire,물품이 설명과 다르거나 상태가 좋지 않습니다.,Charles Taylor / 576-521-3283x3898,판매자를 계속 추궁했으나 결과가 없었습니다.,거래 내용이 포함된 문자 메시지 대화 기록이 있습니다.
중고거래 사기,2024-09-11,South Stevenland,거래 대금을 지불했지만 물품이 배송되지 않았습니다.,Carlos Smith / (452)798-5240x132,상대방에게 여러 번 연락을 시도했지만 응답이 없습니다.,거래 내용이 포함된 문자 메시지 대화 기록이 있습니다.
중고거래 사기,2024-09-19,Lake Jeremy,판매자가 갑자기 연락이 두절되었습니다.,Carlos Miller / 001-110-760-3108x907,경찰서에 방문하여 상담을 받았습니다.,증거가 없습니다.
중고거래 사기,2023-02-24,Bradleyport,가짜 송장번호를 주고 물품을 보내지 않았습니다.,Nicole Patton / +1-393-250-1249x552,판매자를 계속 추궁했으나 결과가 없었습니다.,상대방의 전화번호와 계좌번호가 있습니다.
중고거래 사기,2024-09-18,New Ashley,거래 대금을 지불했지만 물품이 배송되지 않았습니다.,Kenneth Smith / 342.801.3875,구매 후기 사이트에 해당 내용을 올렸습니다.,증거가 없습니다.
중고거래 사기,2024-05-19,South Emily,판매자가 갑자기 연락이 두절되었습니다.,Ruben Zavala / (383)615-1718x27548,포기하고 다른 사람과 거래를 시도했습니다.,상대방의 전화번호와 계좌번호가 있습니다.
중고거래 사기,2024-06-06,North Markville,판매자가 갑자기 연락이 두절되었습니다.,Jesus Fitzgerald / +1-738-646-3175x20716,경찰서에 방문하여 상담을 받았습니다.,운송장 번호와 대화 기록이 있습니다.
중고거래 사기,2023-10-30,North Douglasfurt,지불 후 판매자가 더 많은 돈을 요구했습니다.,Vanessa Figueroa / (153)539-6136,구매 후기 사이트에 해당 내용을 올렸습니다.,송금 내역 스크린샷이 있습니다.
중고거래 사기,2024-06-09,Ramirezshire,가짜 송장번호를 주고 물품을 보내지 않았습니다.,Nicole Owen / (579)678-4271x1477,상대방에게 여러 번 연락을 시도했지만 응답이 없습니다.,상대방의 전화번호와 계좌번호가 있습니다.
중고거래 사기,2023-05-22,North Cory,계좌로 송금했지만 판매자가 입금 사실을 부인합니다.,Barry Gregory / (695)249-9118,판매자를 계속 추궁했으나 결과가 없었습니다.,운송장 번호와 대화 기록이 있습니다.
중고거래 사기,2024-07-12,Sparksborough,판매자가 갑자기 연락이 두절되었습니다.,Jonathan Wagner / +1-588-006-1675,상대방에게 여러 번 연락을 시도했지만 응답이 없습니다.,송금 내역 스크린샷이 있습니다.
중고거래 사기,2024-09-16,Ramoston,물품이 설명과 다르거나 상태가 좋지 않습니다.,Justin Dalton / 276-246-7197x8897,포기하고 다른 사람과 거래를 시도했습니다.,운송장 번호와 대화 기록이 있습니다.
중고거래 사기,2023-11-28,New Brian,가짜 송장번호를 주고 물품을 보내지 않았습니다.,Kevin Gray / +1-545-009-0255x90561,상대방에게 여러 번 연락을 시도했지만 응답이 없습니다.,증거가 없습니다.
중고거래 사기,2023-10-22,Victoriachester,판매자가 갑자기 연락이 두절되었습니다.,Matthew Wright / +1-491-141-5208x5076,경찰서에 방문하여 상담을 받았습니다.,송금 내역 스크린샷이 있습니다.
중고거래 사기,2024-02-08,Adamsfort,물품이 설명과 다르거나 상태가 좋지 않습니다.,Victoria Gray / (591)713-5785x2945,구매 후기 사이트에 해당 내용을 올렸습니다.,운송장 번호와 대화 기록이 있습니다.
중고거래 사기,2023-10-28,South Cynthia,계좌로 송금했지만 판매자가 입금 사실을 부인합니다.,Angela Jefferson / 440.496.3919,구매 후기 사이트에 해당 내용을 올렸습니다.,물품 거래 내역을 캡처한 화면이 있습니다.
중고거래 사기,2023-02-05,Joshuashire,물품이 설명과 다르거나 상태가 좋지 않습니다.,Karen Clark / 484-685-3664,경찰서에 방문하여 상담을 받았습니다.,상대방의 전화번호와 계좌번호가 있습니다.
중고거래 사기,2024-03-23,Powersside,계좌로 송금했지만 판매자가 입금 사실을 부인합니다.,Albert Warner / (973)748-9690,구매 후기 사이트에 해당 내용을 올렸습니다.,송금 내역 스크린샷이 있습니다.
중고거래 사기,2024-01-03,West Steven,지불 후 판매자가 더 많은 돈을 요구했습니다.,Paul Cannon / (651)364-4249x36312,판매자를 계속 추궁했으나 결과가 없었습니다.,상대방의 전화번호와 계좌번호가 있습니다.
중고거래 사기,2023-04-22,East Lauraport,판매자가 갑자기 연락이 두절되었습니다.,Justin Graham / +1-032-420-4482x0700,판매자를 계속 추궁했으나 결과가 없었습니다.,증거가 없습니다.
중고거래 사기,2024-09-21,West Carolynland,거래 대금을 지불했지만 물품이 배송되지 않았습니다.,Jennifer Cox / +1-162-319-8189x84713,신고를 결심했습니다.,물품 거래 내역을 캡처한 화면이 있습니다.
중고거래 사기,2024-03-03,Port Lindsaymouth,지불 후 판매자가 더 많은 돈을 요구했습니다.,Nancy Shaffer / 001-363-212-3476x4907,포기하고 다른 사람과 거래를 시도했습니다.,상대방의 전화번호와 계좌번호가 있습니다.
중고거래 사기,2024-01-12,Hollyville,판매자가 갑자기 연락이 두절되었습니다.,Jeff Vega / 257-540-9003x486,포기하고 다른 사람과 거래를 시도했습니다.,상대방의 전화번호와 계좌번호가 있습니다.
중고거래 사기,2023-07-22,Rebeccaville,가짜 송장번호를 주고 물품을 보내지 않았습니다.,Cynthia Ramos / 6441343275,상대방에게 여러 번 연락을 시도했지만 응답이 없습니다.,상대방의 전화번호와 계좌번호가 있습니다.
중고거래 사기,2024-10-07,Mccormickview,거래 대금을 지불했지만 물품이 배송되지 않았습니다.,Samantha Shepard / 656.124.8156x9857,판매자를 계속 추궁했으나 결과가 없었습니다.,물품 거래 내역을 캡처한 화면이 있습니다.
중고거래 사기,2024-05-16,Port Brettburgh,판매자가 갑자기 연락이 두절되었습니다.,Rachel Taylor / (345)911-2382x9657,상대방에게 여러 번 연락을 시도했지만 응답이 없습니다.,상대방의 전화번호와 계좌번호가 있습니다.
중고거래 사기,2023-11-30,West Glenn,가짜 송장번호를 주고 물품을 보내지 않았습니다.,Erin Campbell / 652-669-3008,상대방에게 여러 번 연락을 시도했지만 응답이 없습니다.,증거가 없습니다.
중고거래 사기,2024-04-09,North Terri,가짜 송장번호를 주고 물품을 보내지 않았습니다.,Michael Jackson / (969)421-5291x0867,구매 후기 사이트에 해당 내용을 올렸습니다.,상대방의 전화번호와 계좌번호가 있습니다.
중고거래 사기,2024-08-27,Wilsonborough,거래 대금을 지불했지만 물품이 배송되지 않았습니다.,Scott Casey / 762-639-3436x2620,신고를 결심했습니다.,운송장 번호와 대화 기록이 있습니다.
중고거래 사기,2023-07-07,Joemouth,판매자가 갑자기 연락이 두절되었습니다.,Jaclyn Sutton / 107.256.3669x411,경찰서에 방문하여 상담을 받았습니다.,상대방의 전화번호와 계좌번호가 있습니다.
중고거래 사기,2024-01-30,North Marvinbury,계좌로 송금했지만 판매자가 입금 사실을 부인합니다.,Hector Obrien / +1-900-489-6465x28092,구매 후기 사이트에 해당 내용을 올렸습니다.,송금 내역 스크린샷이 있습니다.
중고거래 사기,2023-06-14,New Trevor,물품이 설명과 다르거나 상태가 좋지 않습니다.,John Davis / 001-862-415-0274x564,판매자를 계속 추궁했으나 결과가 없었습니다.,운송장 번호와 대화 기록이 있습니다.
중고거래 사기,2024-10-25,Chloeview,물품이 설명과 다르거나 상태가 좋지 않습니다.,Jessica Martin / 001-728-703-2032x0742,판매자를 계속 추궁했으나 결과가 없었습니다.,상대방의 전화번호와 계좌번호가 있습니다.
중고거래 사기,2024-05-25,Grahamfort,계좌로 송금했지만 판매자가 입금 사실을 부인합니다.,Herbert Fletcher / 771.215.1342x2849,구매 후기 사이트에 해당 내용을 올렸습니다.,송금 내역 스크린샷이 있습니다.
중고거래 사기,2024-10-15,New Whitney,거래 대금을 지불했지만 물품이 배송되지 않았습니다.,Randall White / 371-504-1659,포기하고 다른 사람과 거래를 시도했습니다.,운송장 번호와 대화 기록이 있습니다.
중고거래 사기,2024-11-14,Port Marcustown,물품이 설명과 다르거나 상태가 좋지 않습니다.,Ronald Keller / 490.509.7592x304,포기하고 다른 사람과 거래를 시도했습니다.,거래 내용이 포함된 문자 메시지 대화 기록이 있습니다.
중고거래 사기,2023-08-02,Lake Chadfurt,판매자가 갑자기 연락이 두절되었습니다.,David Allen / 001-610-326-6421x47649,경찰서에 방문하여 상담을 받았습니다.,송금 내역 스크린샷이 있습니다.
중고거래 사기,2023-03-05,Elizabethstad,가짜 송장번호를 주고 물품을 보내지 않았습니다.,Katherine Mcclure / 499.616.5926x6108,구매 후기 사이트에 해당 내용을 올렸습니다.,송금 내역 스크린샷이 있습니다.
중고거래 사기,2023-08-16,Rhodesberg,물품이 설명과 다르거나 상태가 좋지 않습니다.,Kelsey Holland / 476-174-2243,상대방에게 여러 번 연락을 시도했지만 응답이 없습니다.,상대방의 전화번호와 계좌번호가 있습니다.
중고거래 사기,2024-01-04,Phillipston,거래 대금을 지불했지만 물품이 배송되지 않았습니다.,Sylvia Palmer / 661.794.5491x80172,포기하고 다른 사람과 거래를 시도했습니다.,거래 내용이 포함된 문자 메시지 대화 기록이 있습니다.
중고거래 사기,2024-07-26,Port Phillip,지불 후 판매자가 더 많은 돈을 요구했습니다.,Shawn Evans / 001-779-452-3219,포기하고 다른 사람과 거래를 시도했습니다.,물품 거래 내역을 캡처한 화면이 있습니다.
중고거래 사기,2023-06-13,South Amandatown,가짜 송장번호를 주고 물품을 보내지 않았습니다.,Adam Rios / 697.499.5641x220,포기하고 다른 사람과 거래를 시도했습니다.,물품 거래 내역을 캡처한 화면이 있습니다.
중고거래 사기,2023-04-21,Port Allenborough,지불 후 판매자가 더 많은 돈을 요구했습니다.,Christine Wong / +1-368-314-7276x0122,구매 후기 사이트에 해당 내용을 올렸습니다.,상대방의 전화번호와 계좌번호가 있습니다.
중고거래 사기,2024-06-19,Maynardfort,물품이 설명과 다르거나 상태가 좋지 않습니다.,Jerry Sanchez / 960-501-6679x9840,구매 후기 사이트에 해당 내용을 올렸습니다.,운송장 번호와 대화 기록이 있습니다.
중고거래 사기,2023-12-07,Tuckershire,물품이 설명과 다르거나 상태가 좋지 않습니다.,Taylor Stein / 308.069.5814x6717,구매 후기 사이트에 해당 내용을 올렸습니다.,거래 내용이 포함된 문자 메시지 대화 기록이 있습니다.
중고거래 사기,2024-03-21,Shanechester,가짜 송장번호를 주고 물품을 보내지 않았습니다.,Dwayne Lee / (738)395-9724x665,경찰서에 방문하여 상담을 받았습니다.,증거가 없습니다.
중고거래 사기,2024-08-03,Marshburgh,물품이 설명과 다르거나 상태가 좋지 않습니다.,Diane Curry / +1-722-329-7167x43380,상대방에게 여러 번 연락을 시도했지만 응답이 없습니다.,물품 거래 내역을 캡처한 화면이 있습니다.
중고거래 사기,2022-12-08,Nicolestad,지불 후 판매자가 더 많은 돈을 요구했습니다.,Carrie Villarreal / 015.619.3183x74550,판매자를 계속 추궁했으나 결과가 없었습니다.,운송장 번호와 대화 기록이 있습니다.
중고거래 사기,2024-07-14,Paulahaven,판매자가 갑자기 연락이 두절되었습니다.,Ashley Williams / 711.991.8081x213,상대방에게 여러 번 연락을 시도했지만 응답이 없습니다.,물품 거래 내역을 캡처한 화면이 있습니다.
중고거래 사기,2024-10-31,Ericport,계좌로 송금했지만 판매자가 입금 사실을 부인합니다.,Pamela Jimenez / 255-213-7603,판매자를 계속 추궁했으나 결과가 없었습니다.,운송장 번호와 대화 기록이 있습니다.
중고거래 사기,2024-09-02,Petersonhaven,가짜 송장번호를 주고 물품을 보내지 않았습니다.,Derek Espinoza / (532)863-2666x78507,포기하고 다른 사람과 거래를 시도했습니다.,상대방의 전화번호와 계좌번호가 있습니다.
중고거래 사기,2023-03-17,Lake Lindaland,물품이 설명과 다르거나 상태가 좋지 않습니다.,Ernest Holden / (606)029-0846,구매 후기 사이트에 해당 내용을 올렸습니다.,운송장 번호와 대화 기록이 있습니다.
중고거래 사기,2023-10-02,Jennifermouth,지불 후 판매자가 더 많은 돈을 요구했습니다.,Aimee Ramirez / 926.738.9975x63410,판매자를 계속 추궁했으나 결과가 없었습니다.,물품 거래 내역을 캡처한 화면이 있습니다.
중고거래 사기,2024-01-15,Peterberg,가짜 송장번호를 주고 물품을 보내지 않았습니다.,Kimberly Lewis / 848.520.0894x34681,경찰서에 방문하여 상담을 받았습니다.,상대방의 전화번호와 계좌번호가 있습니다.
중고거래 사기,2024-06-14,Port Nathanhaven,지불 후 판매자가 더 많은 돈을 요구했습니다.,Anthony Curtis / 749-075-3998,판매자를 계속 추궁했으나 결과가 없었습니다.,거래 내용이 포함된 문자 메시지 대화 기록이 있습니다.
중고거래 사기,2024-09-09,West Kevin,계좌로 송금했지만 판매자가 입금 사실을 부인합니다.,Robin Armstrong / (683)158-9357,신고를 결심했습니다.,운송장 번호와 대화 기록이 있습니다.
중고거래 사기,2023-02-08,Lake Ronald,지불 후 판매자가 더 많은 돈을 요구했습니다.,Brandon Coleman / (737)158-6988,신고를 결심했습니다.,상대방의 전화번호와 계좌번호가 있습니다.
중고거래 사기,2024-07-20,Wigginsshire,거래 대금을 지불했지만 물품이 배송되지 않았습니다.,Mr. Jeremiah Galvan MD / (228)277-2881x37702,판매자를 계속 추궁했으나 결과가 없었습니다.,증거가 없습니다.
중고거래 사기,2024-02-01,Sandraville,지불 후 판매자가 더 많은 돈을 요구했습니다.,Jennifer Martinez / 001-408-215-4544,포기하고 다른 사람과 거래를 시도했습니다.,상대방의 전화번호와 계좌번호가 있습니다.
중고거래 사기,2023-12-06,Port Douglasshire,지불 후 판매자가 더 많은 돈을 요구했습니다.,Timothy Torres / 327-018-5106x7949,포기하고 다른 사람과 거래를 시도했습니다.,증거가 없습니다.
중고거래 사기,2023-11-10,Kimberlyfort,물품이 설명과 다르거나 상태가 좋지 않습니다.,Sandra Anderson / (877)725-1996,구매 후기 사이트에 해당 내용을 올렸습니다.,송금 내역 스크린샷이 있습니다.
중고거래 사기,2023-09-20,South Matthew,물품이 설명과 다르거나 상태가 좋지 않습니다.,Michael Ramos / 120-948-1813x989,경찰서에 방문하여 상담을 받았습니다.,운송장 번호와 대화 기록이 있습니다.
중고거래 사기,2024-07-04,New Aimeefort,판매자가 갑자기 연락이 두절되었습니다.,Alicia Barrett / +1-204-339-7189,상대방에게 여러 번 연락을 시도했지만 응답이 없습니다.,상대방의 전화번호와 계좌번호가 있습니다.
중고거래 사기,2023-07-30,Chapmanfort,거래 대금을 지불했지만 물품이 배송되지 않았습니다.,Allison Kim / (085)641-1182x42241,경찰서에 방문하여 상담을 받았습니다.,상대방의 전화번호와 계좌번호가 있습니다.
중고거래 사기,2023-03-23,Stephanieburgh,거래 대금을 지불했지만 물품이 배송되지 않았습니다.,Tyrone White / 001-046-152-6546x103,포기하고 다른 사람과 거래를 시도했습니다.,거래 내용이 포함된 문자 메시지 대화 기록이 있습니다.
중고거래 사기,2023-05-29,South William,지불 후 판매자가 더 많은 돈을 요구했습니다.,Tiffany Adams / 786-170-6304x89138,포기하고 다른 사람과 거래를 시도했습니다.,거래 내용이 포함된 문자 메시지 대화 기록이 있습니다.
중고거래 사기,2024-04-13,West Ashley,거래 대금을 지불했지만 물품이 배송되지 않았습니다.,Ryan Mason / (582)386-8700,구매 후기 사이트에 해당 내용을 올렸습니다.,물품 거래 내역을 캡처한 화면이 있습니다.
중고거래 사기,2024-08-16,Woodwardport,판매자가 갑자기 연락이 두절되었습니다.,Carol Brown / 494.653.9840x2891,경찰서에 방문하여 상담을 받았습니다.,증거가 없습니다.
중고거래 사기,2023-07-15,South Hollyberg,지불 후 판매자가 더 많은 돈을 요구했습니다.,Yvonne Johns / 985.547.4355,포기하고 다른 사람과 거래를 시도했습니다.,송금 내역 스크린샷이 있습니다.
중고거래 사기,2023-05-06,Haleymouth,판매자가 갑자기 연락이 두절되었습니다.,Michael Lucas / 9700268768,포기하고 다른 사람과 거래를 시도했습니다.,운송장 번호와 대화 기록이 있습니다.
중고거래 사기,2023-01-26,New Anthonymouth,지불 후 판매자가 더 많은 돈을 요구했습니다.,Heather Hess / +1-562-017-5370x304,판매자를 계속 추궁했으나 결과가 없었습니다.,증거가 없습니다.
중고거래 사기,2024-05-05,Jamesport,계좌로 송금했지만 판매자가 입금 사실을 부인합니다.,Connie Baird / (047)930-3614x987,구매 후기 사이트에 해당 내용을 올렸습니다.,운송장 번호와 대화 기록이 있습니다.
중고거래 사기,2023-04-05,Lake Joanne,거래 대금을 지불했지만 물품이 배송되지 않았습니다.,Lindsey Thompson / 001-212-493-8430,경찰서에 방문하여 상담을 받았습니다.,송금 내역 스크린샷이 있습니다.
중고거래 사기,2024-05-15,Erinmouth,물품이 설명과 다르거나 상태가 좋지 않습니다.,Jeffery Nunez / +1-056-641-8775x8030,포기하고 다른 사람과 거래를 시도했습니다.,증거가 없습니다.
중고거래 사기,2023-06-27,Patelmouth,판매자가 갑자기 연락이 두절되었습니다.,Cory Miller / 001-036-133-2541,신고를 결심했습니다.,증거가 없습니다.
중고거래 사기,2024-03-24,North Timothytown,거래 대금을 지불했지만 물품이 배송되지 않았습니다.,Lori Cook / 317-350-5831x997,구매 후기 사이트에 해당 내용을 올렸습니다.,송금 내역 스크린샷이 있습니다.
중고거래 사기,2024-07-09,Lake Seanville,계좌로 송금했지만 판매자가 입금 사실을 부인합니다.,Antonio Johnson / 120-704-9611x08046,포기하고 다른 사람과 거래를 시도했습니다.,송금 내역 스크린샷이 있습니다.
중고거래 사기,2023-10-01,New Karenbury,지불 후 판매자가 더 많은 돈을 요구했습니다.,Rachel Hanson / 676.991.5078x593,신고를 결심했습니다.,증거가 없습니다.
중고거래 사기,2023-02-15,North Brookeland,판매자가 갑자기 연락이 두절되었습니다.,Sara Strong / (845)679-7232,상대방에게 여러 번 연락을 시도했지만 응답이 없습니다.,송금 내역 스크린샷이 있습니다.
중고거래 사기,2024-08-04,North Davidshire,판매자가 갑자기 연락이 두절되었습니다.,Tyler Webster / 982-274-9545x0892,상대방에게 여러 번 연락을 시도했지만 응답이 없습니다.,물품 거래 내역을 캡처한 화면이 있습니다.
중고거래 사기,2023-01-07,New Lori,판매자가 갑자기 연락이 두절되었습니다.,Amy Cooper / 315.377.9599,판매자를 계속 추궁했으나 결과가 없었습니다.,상대방의 전화번호와 계좌번호가 있습니다.
중고거래 사기,2023-08-11,Robertburgh,물품이 설명과 다르거나 상태가 좋지 않습니다.,Shawn Lozano / 303.379.3375x6362,신고를 결심했습니다.,운송장 번호와 대화 기록이 있습니다.
중고거래 사기,2024-08-26,West Alejandrostad,지불 후 판매자가 더 많은 돈을 요구했습니다.,Brian Roberts / 950.033.4234,경찰서에 방문하여 상담을 받았습니다.,증거가 없습니다.
중고거래 사기,2024-06-04,West Melanie,물품이 설명과 다르거나 상태가 좋지 않습니다.,Craig Thompson / 102-615-3473x552,신고를 결심했습니다.,거래 내용이 포함된 문자 메시지 대화 기록이 있습니다.
중고거래 사기,2024-01-07,Johnsland,거래 대금을 지불했지만 물품이 배송되지 않았습니다.,Stephen Anderson / 386.559.6309,경찰서에 방문하여 상담을 받았습니다.,상대방의 전화번호와 계좌번호가 있습니다.
중고거래 사기,2024-02-23,Port Amanda,가짜 송장번호를 주고 물품을 보내지 않았습니다.,Erin Brown / 289-731-7912x868,포기하고 다른 사람과 거래를 시도했습니다.,거래 내용이 포함된 문자 메시지 대화 기록이 있습니다.
중고거래 사기,2023-09-10,Stoneburgh,지불 후 판매자가 더 많은 돈을 요구했습니다.,James Neal / 001-774-969-0333x736,경찰서에 방문하여 상담을 받았습니다.,거래 내용이 포함된 문자 메시지 대화 기록이 있습니다.
중고거래 사기,2023-05-12,Ronaldfurt,물품이 설명과 다르거나 상태가 좋지 않습니다.,Taylor Brooks / +1-121-478-5390,구매 후기 사이트에 해당 내용을 올렸습니다.,증거가 없습니다.
중고거래 사기,2023-11-20,Ronaldmouth,판매자가 갑자기 연락이 두절되었습니다.,Jacob Jimenez / 602-734-1514x888,구매 후기 사이트에 해당 내용을 올렸습니다.,물품 거래 내역을 캡처한 화면이 있습니다.
중고거래 사기,2024-04-06,Port Joshuabury,계좌로 송금했지만 판매자가 입금 사실을 부인합니다.,Benjamin Johnson / 535.444.3928,상대방에게 여러 번 연락을 시도했지만 응답이 없습니다.,상대방의 전화번호와 계좌번호가 있습니다.
중고거래 사기,2024-11-01,Alanport,판매자가 갑자기 연락이 두절되었습니다.,Gregory Shea / (907)826-3337x3898,포기하고 다른 사람과 거래를 시도했습니다.,운송장 번호와 대화 기록이 있습니다.
중고거래 사기,2024-07-04,Sharpmouth,물품이 설명과 다르거나 상태가 좋지 않습니다.,Brady Singleton / (637)780-5292x40755,상대방에게 여러 번 연락을 시도했지만 응답이 없습니다.,상대방의 전화번호와 계좌번호가 있습니다.
중고거래 사기,2023-05-18,Simmonsfurt,판매자가 갑자기 연락이 두절되었습니다.,Melissa Evans / 001-090-225-9999,경찰서에 방문하여 상담을 받았습니다.,물품 거래 내역을 캡처한 화면이 있습니다.
중고거래 사기,2024-09-27,Bairdborough,계좌로 송금했지만 판매자가 입금 사실을 부인합니다.,Amy Hughes / 159.741.2182x0970,구매 후기 사이트에 해당 내용을 올렸습니다.,증거가 없습니다.
중고거래 사기,2023-04-18,North Rhonda,판매자가 갑자기 연락이 두절되었습니다.,Daniel Carter / 170.580.2566x21286,구매 후기 사이트에 해당 내용을 올렸습니다.,물품 거래 내역을 캡처한 화면이 있습니다.
중고거래 사기,2023-11-30,South Stephanieborough,물품이 설명과 다르거나 상태가 좋지 않습니다.,Daniel Reynolds / 001-729-949-3874x302,구매 후기 사이트에 해당 내용을 올렸습니다.,상대방의 전화번호와 계좌번호가 있습니다.
중고거래 사기,2023-11-05,Port Reginaldbury,거래 대금을 지불했지만 물품이 배송되지 않았습니다.,Susan Suarez / 790.147.5469x263,신고를 결심했습니다.,상대방의 전화번호와 계좌번호가 있습니다.
중고거래 사기,2023-04-12,Ellisburgh,가짜 송장번호를 주고 물품을 보내지 않았습니다.,Anna Hale / 3248413768,판매자를 계속 추궁했으나 결과가 없었습니다.,운송장 번호와 대화 기록이 있습니다.
중고거래 사기,2023-02-26,Charlesville,판매자가 갑자기 연락이 두절되었습니다.,Penny Ortiz / (438)070-1765,포기하고 다른 사람과 거래를 시도했습니다.,물품 거래 내역을 캡처한 화면이 있습니다.
중고거래 사기,2024-06-25,Foleyfurt,거래 대금을 지불했지만 물품이 배송되지 않았습니다.,David Fletcher / (577)711-8372,포기하고 다른 사람과 거래를 시도했습니다.,상대방의 전화번호와 계좌번호가 있습니다.
중고거래 사기,2023-11-24,Mckenzieburgh,판매자가 갑자기 연락이 두절되었습니다.,Lisa Thompson / 862-104-2752,상대방에게 여러 번 연락을 시도했지만 응답이 없습니다.,운송장 번호와 대화 기록이 있습니다.
중고거래 사기,2023-05-11,Lake Amandamouth,계좌로 송금했지만 판매자가 입금 사실을 부인합니다.,Sara Cain / +1-164-709-0063x3533,포기하고 다른 사람과 거래를 시도했습니다.,송금 내역 스크린샷이 있습니다.
중고거래 사기,2023-02-02,South Anthonytown,가짜 송장번호를 주고 물품을 보내지 않았습니다.,Corey Caldwell / 122.068.1558,포기하고 다른 사람과 거래를 시도했습니다.,상대방의 전화번호와 계좌번호가 있습니다.
중고거래 사기,2024-03-24,New Jamie,판매자가 갑자기 연락이 두절되었습니다.,Teresa Martinez / 155.206.5063,신고를 결심했습니다.,운송장 번호와 대화 기록이 있습니다.
중고거래 사기,2023-11-15,North Diane,판매자가 갑자기 연락이 두절되었습니다.,Marcus Williams / 649.718.9241,신고를 결심했습니다.,증거가 없습니다.
중고거래 사기,2024-03-03,Tinafurt,물품이 설명과 다르거나 상태가 좋지 않습니다.,Valerie Benson / 257-150-9976x83890,경찰서에 방문하여 상담을 받았습니다.,물품 거래 내역을 캡처한 화면이 있습니다.
중고거래 사기,2023-05-23,New Katherineville,계좌로 송금했지만 판매자가 입금 사실을 부인합니다.,Oscar Todd / +1-102-574-3263x039,포기하고 다른 사람과 거래를 시도했습니다.,증거가 없습니다.
중고거래 사기,2023-11-03,Dennismouth,계좌로 송금했지만 판매자가 입금 사실을 부인합니다.,Paige Meyer / (403)553-3803x39685,신고를 결심했습니다.,증거가 없습니다.
중고거래 사기,2023-04-15,Sotoland,거래 대금을 지불했지만 물품이 배송되지 않았습니다.,Andrea Lee / +1-232-129-8338x1674,포기하고 다른 사람과 거래를 시도했습니다.,증거가 없습니다.
중고거래 사기,2023-03-31,East Roger,거래 대금을 지불했지만 물품이 배송되지 않았습니다.,Elizabeth Ray / +1-347-156-6277x6896,판매자를 계속 추궁했으나 결과가 없었습니다.,상대방의 전화번호와 계좌번호가 있습니다.
중고거래 사기,2024-07-06,Port Stephanie,거래 대금을 지불했지만 물품이 배송되지 않았습니다.,Dr. Jeffery Miller / 982-824-6747x4689,경찰서에 방문하여 상담을 받았습니다.,물품 거래 내역을 캡처한 화면이 있습니다.
중고거래 사기,2023-12-02,West Derrickfort,계좌로 송금했지만 판매자가 입금 사실을 부인합니다.,Thomas Smith / 576.665.6749x16016,신고를 결심했습니다.,송금 내역 스크린샷이 있습니다.
중고거래 사기,2024-11-17,East Kathryn,판매자가 갑자기 연락이 두절되었습니다.,Patricia Walton / (875)066-3370x502,판매자를 계속 추궁했으나 결과가 없었습니다.,증거가 없습니다.
중고거래 사기,2023-06-14,Blackburnberg,지불 후 판매자가 더 많은 돈을 요구했습니다.,Lance Lynn / (011)669-1836,신고를 결심했습니다.,거래 내용이 포함된 문자 메시지 대화 기록이 있습니다.
중고거래 사기,2023-04-01,Kingport,물품이 설명과 다르거나 상태가 좋지 않습니다.,Kim Tanner / 001-461-195-2436,경찰서에 방문하여 상담을 받았습니다.,물품 거래 내역을 캡처한 화면이 있습니다.
중고거래 사기,2024-05-19,Adamburgh,가짜 송장번호를 주고 물품을 보내지 않았습니다.,April Jones / 001-686-462-2522x372,경찰서에 방문하여 상담을 받았습니다.,물품 거래 내역을 캡처한 화면이 있습니다.
중고거래 사기,2023-12-19,South Ashleyborough,물품이 설명과 다르거나 상태가 좋지 않습니다.,Anthony White / 001-346-791-2141x61415,판매자를 계속 추궁했으나 결과가 없었습니다.,상대방의 전화번호와 계좌번호가 있습니다.
중고거래 사기,2022-12-17,South Todd,판매자가 갑자기 연락이 두절되었습니다.,Alexandra Adams / 9013806984,포기하고 다른 사람과 거래를 시도했습니다.,물품 거래 내역을 캡처한 화면이 있습니다.
중고거래 사기,2024-11-17,Kennedymouth,거래 대금을 지불했지만 물품이 배송되지 않았습니다.,Gabrielle Maldonado / 535-669-0551x07620,구매 후기 사이트에 해당 내용을 올렸습니다.,송금 내역 스크린샷이 있습니다.
중고거래 사기,2024-03-05,Port Alyssabury,물품이 설명과 다르거나 상태가 좋지 않습니다.,Luke Hopkins / 863.050.5057x3976,신고를 결심했습니다.,증거가 없습니다.
중고거래 사기,2024-06-20,West Ronniefort,계좌로 송금했지만 판매자가 입금 사실을 부인합니다.,Dr. Susan Navarro / 932-898-0271x4872,포기하고 다른 사람과 거래를 시도했습니다.,상대방의 전화번호와 계좌번호가 있습니다.
중고거래 사기,2024-10-20,Friedmanfort,가짜 송장번호를 주고 물품을 보내지 않았습니다.,Cynthia Lewis / 001-116-025-6434x71287,판매자를 계속 추궁했으나 결과가 없었습니다.,송금 내역 스크린샷이 있습니다.
중고거래 사기,2023-02-02,Monicashire,지불 후 판매자가 더 많은 돈을 요구했습니다.,Lindsay Schneider / (686)334-1411x1593,상대방에게 여러 번 연락을 시도했지만 응답이 없습니다.,물품 거래 내역을 캡처한 화면이 있습니다.
중고거래 사기,2024-06-24,New Michaelmouth,가짜 송장번호를 주고 물품을 보내지 않았습니다.,Laura Smith / 9836655289,상대방에게 여러 번 연락을 시도했지만 응답이 없습니다.,상대방의 전화번호와 계좌번호가 있습니다.
중고거래 사기,2024-02-25,North Randall,판매자가 갑자기 연락이 두절되었습니다.,Julia Thomas / 377-294-2095x4814,포기하고 다른 사람과 거래를 시도했습니다.,증거가 없습니다.
중고거래 사기,2024-09-12,Welchborough,계좌로 송금했지만 판매자가 입금 사실을 부인합니다.,Michael Bennett DVM / 233-027-6420x86567,판매자를 계속 추궁했으나 결과가 없었습니다.,운송장 번호와 대화 기록이 있습니다.
중고거래 사기,2023-08-21,Myershaven,지불 후 판매자가 더 많은 돈을 요구했습니다.,Diane Leblanc / 001-861-259-0472x927,포기하고 다른 사람과 거래를 시도했습니다.,물품 거래 내역을 캡처한 화면이 있습니다.
중고거래 사기,2024-05-17,Carterberg,거래 대금을 지불했지만 물품이 배송되지 않았습니다.,Robert Gonzalez / +1-059-126-6201x5720,포기하고 다른 사람과 거래를 시도했습니다.,거래 내용이 포함된 문자 메시지 대화 기록이 있습니다.
중고거래 사기,2023-02-23,Brittneyberg,지불 후 판매자가 더 많은 돈을 요구했습니다.,Jennifer Johnson / 674.926.1764,상대방에게 여러 번 연락을 시도했지만 응답이 없습니다.,운송장 번호와 대화 기록이 있습니다.
중고거래 사기,2024-03-29,Richardsonville,가짜 송장번호를 주고 물품을 보내지 않았습니다.,Bryan May / 309.997.4192x67649,판매자를 계속 추궁했으나 결과가 없었습니다.,운송장 번호와 대화 기록이 있습니다.
중고거래 사기,2023-03-01,West Bryanside,물품이 설명과 다르거나 상태가 좋지 않습니다.,Robert Smith / +1-887-189-8131,포기하고 다른 사람과 거래를 시도했습니다.,송금 내역 스크린샷이 있습니다.
중고거래 사기,2023-04-13,North Angela,계좌로 송금했지만 판매자가 입금 사실을 부인합니다.,Barbara Anderson / 218.401.1845,구매 후기 사이트에 해당 내용을 올렸습니다.,증거가 없습니다.
중고거래 사기,2024-01-20,South Tiffany,판매자가 갑자기 연락이 두절되었습니다.,Danielle Williams / 487.297.5859x88310,포기하고 다른 사람과 거래를 시도했습니다.,상대방의 전화번호와 계좌번호가 있습니다.
중고거래 사기,2023-05-27,East Donaldborough,거래 대금을 지불했지만 물품이 배송되지 않았습니다.,Lindsey Robinson / (429)618-4462x671,신고를 결심했습니다.,송금 내역 스크린샷이 있습니다.
중고거래 사기,2023-06-09,Bentleyberg,거래 대금을 지불했지만 물품이 배송되지 않았습니다.,Andrea Oconnor / +1-359-892-6256x6093,판매자를 계속 추궁했으나 결과가 없었습니다.,상대방의 전화번호와 계좌번호가 있습니다.
중고거래 사기,2023-01-23,Davidville,거래 대금을 지불했지만 물품이 배송되지 않았습니다.,Jennifer Murphy / 554-234-0163,상대방에게 여러 번 연락을 시도했지만 응답이 없습니다.,거래 내용이 포함된 문자 메시지 대화 기록이 있습니다.
중고거래 사기,2023-09-14,Port Saraburgh,가짜 송장번호를 주고 물품을 보내지 않았습니다.,Sheri Chapman / 185.948.4910x2562,신고를 결심했습니다.,상대방의 전화번호와 계좌번호가 있습니다.
중고거래 사기,2023-08-19,Woodsberg,지불 후 판매자가 더 많은 돈을 요구했습니다.,Michael Reeves / +1-226-940-5396x72757,판매자를 계속 추궁했으나 결과가 없었습니다.,증거가 없습니다.
중고거래 사기,2023-12-19,Joshuachester,계좌로 송금했지만 판매자가 입금 사실을 부인합니다.,Michelle Bradshaw / 414.651.1131,포기하고 다른 사람과 거래를 시도했습니다.,운송장 번호와 대화 기록이 있습니다.
중고거래 사기,2023-04-01,North Juliaside,지불 후 판매자가 더 많은 돈을 요구했습니다.,Rhonda Smith / (827)788-1609x30685,경찰서에 방문하여 상담을 받았습니다.,증거가 없습니다.
중고거래 사기,2023-06-01,New Shaneburgh,계좌로 송금했지만 판매자가 입금 사실을 부인합니다.,Sierra Mills / 215.285.0676,신고를 결심했습니다.,상대방의 전화번호와 계좌번호가 있습니다.
중고거래 사기,2023-04-05,Taramouth,계좌로 송금했지만 판매자가 입금 사실을 부인합니다.,Danielle Ryan / 001-144-744-3096x34807,상대방에게 여러 번 연락을 시도했지만 응답이 없습니다.,상대방의 전화번호와 계좌번호가 있습니다.
중고거래 사기,2024-10-17,Browntown,가짜 송장번호를 주고 물품을 보내지 않았습니다.,Erin Gomez / 5265016731,구매 후기 사이트에 해당 내용을 올렸습니다.,물품 거래 내역을 캡처한 화면이 있습니다.
중고거래 사기,2024-01-08,South David,거래 대금을 지불했지만 물품이 배송되지 않았습니다.,Mr. Matthew Perez / (545)628-4177x2256,포기하고 다른 사람과 거래를 시도했습니다.,물품 거래 내역을 캡처한 화면이 있습니다.
중고거래 사기,2022-11-28,Nicoleborough,물품이 설명과 다르거나 상태가 좋지 않습니다.,Dustin Anderson / (502)374-1678x72568,구매 후기 사이트에 해당 내용을 올렸습니다.,상대방의 전화번호와 계좌번호가 있습니다.
중고거래 사기,2024-06-09,Andersonville,물품이 설명과 다르거나 상태가 좋지 않습니다.,Beth Cooper / 3056906744,판매자를 계속 추궁했으나 결과가 없었습니다.,송금 내역 스크린샷이 있습니다.
중고거래 사기,2023-12-06,Port Royberg,계좌로 송금했지만 판매자가 입금 사실을 부인합니다.,Chelsea Campbell / 436-371-8923,판매자를 계속 추궁했으나 결과가 없었습니다.,운송장 번호와 대화 기록이 있습니다.
